id,name,parent_id,created_at,updated_at,deleted_at
1,Badung,1,2023-01-27 03:46:29,2023-01-27 03:46:29,
2,Bangli,1,2023-01-27 03:46:29,2023-01-27 03:46:29,
3,Buleleng,1,2023-01-27 03:46:29,2023-01-27 03:46:29,
4,Denpasar,1,2023-01-27 03:46:29,2023-01-27 03:46:29,
5,Gianyar,1,2023-01-27 03:46:29,2023-01-27 03:46:29,
6,Jembrana,1,2023-01-27 03:46:29,2023-01-27 03:46:29,
7,Karangasem,1,2023-01-27 03:46:29,2023-01-27 03:46:29,
8,Klungkung,1,2023-01-27 03:46:29,2023-01-27 03:46:29,
9,Tabanan,1,2023-01-27 03:46:29,2023-01-27 03:46:29,
10,Cilegon,2,2023-01-27 03:46:29,2023-01-27 03:46:29,
11,Lebak,2,2023-01-27 03:46:29,2023-01-27 03:46:29,
12,Pandeglang,2,2023-01-27 03:46:29,2023-01-27 03:46:29,
13,Serang,2,2023-01-27 03:46:29,2023-01-27 03:46:29,
14,Kab. Serang,2,2023-01-27 03:46:29,2023-01-27 03:46:29,
15,Tangerang,2,2023-01-27 03:46:29,2023-01-27 03:46:29,
16,Kab. Tangerang,2,2023-01-27 03:46:29,2023-01-27 03:46:29,
17,Tangerang Selatan,2,2023-01-27 03:46:29,2023-01-27 03:46:29,
18,Bengkulu,3,2023-01-27 03:46:29,2023-01-27 03:46:29,
19,Bengkulu Selatan,3,2023-01-27 03:46:29,2023-01-27 03:46:29,
20,Bengkulu Tengah,3,2023-01-27 03:46:29,2023-01-27 03:46:29,
21,Bengkulu Utara,3,2023-01-27 03:46:29,2023-01-27 03:46:29,
22,Kaur,3,2023-01-27 03:46:29,2023-01-27 03:46:29,
23,Kepahiang,3,2023-01-27 03:46:29,2023-01-27 03:46:29,
24,Lebong,3,2023-01-27 03:46:29,2023-01-27 03:46:29,
25,Mukomuko,3,2023-01-27 03:46:29,2023-01-27 03:46:29,
26,Rejang Lebong,3,2023-01-27 03:46:29,2023-01-27 03:46:29,
27,Seluma,3,2023-01-27 03:46:29,2023-01-27 03:46:29,
28,Bantul,4,2023-01-27 03:46:29,2023-01-27 03:46:29,
29,Gunung Kidul,4,2023-01-27 03:46:29,2023-01-27 03:46:29,
30,Kulon Progo,4,2023-01-27 03:46:29,2023-01-27 03:46:29,
31,Sleman,4,2023-01-27 03:46:29,2023-01-27 03:46:29,
32,Yogyakarta,4,2023-01-27 03:46:29,2023-01-27 03:46:29,
33,Jakarta Barat,5,2023-01-27 03:46:29,2023-01-27 03:46:29,
34,Jakarta Pusat,5,2023-01-27 03:46:29,2023-01-27 03:46:29,
35,Jakarta Selatan,5,2023-01-27 03:46:29,2023-01-27 03:46:29,
36,Jakarta Timur,5,2023-01-27 03:46:29,2023-01-27 03:46:29,
37,Jakarta Utara,5,2023-01-27 03:46:29,2023-01-27 03:46:29,
38,Kepulauan Seribu,5,2023-01-27 03:46:29,2023-01-27 03:46:29,
39,Boalemo,6,2023-01-27 03:46:29,2023-01-27 03:46:29,
40,Bone Bolango,6,2023-01-27 03:46:29,2023-01-27 03:46:29,
41,Gorontalo,6,2023-01-27 03:46:29,2023-01-27 03:46:29,
42,Kab. Gorontalo,6,2023-01-27 03:46:29,2023-01-27 03:46:29,
43,Gorontalo Utara,6,2023-01-27 03:46:29,2023-01-27 03:46:29,
44,Pohuwato,6,2023-01-27 03:46:29,2023-01-27 03:46:29,
45,Batang Hari,7,2023-01-27 03:46:29,2023-01-27 03:46:29,
46,Bungo,7,2023-01-27 03:46:29,2023-01-27 03:46:29,
47,Jambi,7,2023-01-27 03:46:30,2023-01-27 03:46:30,
48,Kerinci,7,2023-01-27 03:46:30,2023-01-27 03:46:30,
49,Merangin,7,2023-01-27 03:46:30,2023-01-27 03:46:30,
50,Muaro Jambi,7,2023-01-27 03:46:30,2023-01-27 03:46:30,
51,Sarolangun,7,2023-01-27 03:46:30,2023-01-27 03:46:30,
52,Sungai Penuh,7,2023-01-27 03:46:30,2023-01-27 03:46:30,
53,Tanjung Jabung Barat,7,2023-01-27 03:46:30,2023-01-27 03:46:30,
54,Tanjung Jabung Timur,7,2023-01-27 03:46:30,2023-01-27 03:46:30,
55,Tebo,7,2023-01-27 03:46:30,2023-01-27 03:46:30,
56,Bandung,8,2023-01-27 03:46:30,2023-01-27 03:46:30,
57,Kab. Bandung,8,2023-01-27 03:46:30,2023-01-27 03:46:30,
58,Bandung Barat,8,2023-01-27 03:46:30,2023-01-27 03:46:30,
59,Banjar,8,2023-01-27 03:46:30,2023-01-27 03:46:30,
60,Bekasi,8,2023-01-27 03:46:30,2023-01-27 03:46:30,
61,Kab. Bekasi,8,2023-01-27 03:46:30,2023-01-27 03:46:30,
62,Bogor,8,2023-01-27 03:46:30,2023-01-27 03:46:30,
63,Kab. Bogor,8,2023-01-27 03:46:30,2023-01-27 03:46:30,
64,Ciamis,8,2023-01-27 03:46:30,2023-01-27 03:46:30,
65,Cianjur,8,2023-01-27 03:46:30,2023-01-27 03:46:30,
66,Cimahi,8,2023-01-27 03:46:30,2023-01-27 03:46:30,
67,Cirebon,8,2023-01-27 03:46:30,2023-01-27 03:46:30,
68,Kab. Cirebon,8,2023-01-27 03:46:30,2023-01-27 03:46:30,
69,Depok,8,2023-01-27 03:46:30,2023-01-27 03:46:30,
70,Garut,8,2023-01-27 03:46:30,2023-01-27 03:46:30,
71,Indramayu,8,2023-01-27 03:46:30,2023-01-27 03:46:30,
72,Karawang,8,2023-01-27 03:46:30,2023-01-27 03:46:30,
73,Kuningan,8,2023-01-27 03:46:30,2023-01-27 03:46:30,
74,Majalengka,8,2023-01-27 03:46:30,2023-01-27 03:46:30,
75,Pangandaran,8,2023-01-27 03:46:30,2023-01-27 03:46:30,
76,Purwakarta,8,2023-01-27 03:46:30,2023-01-27 03:46:30,
77,Subang,8,2023-01-27 03:46:30,2023-01-27 03:46:30,
78,Sukabumi,8,2023-01-27 03:46:30,2023-01-27 03:46:30,
79,Kab. Sukabumi,8,2023-01-27 03:46:30,2023-01-27 03:46:30,
80,Sumedang,8,2023-01-27 03:46:30,2023-01-27 03:46:30,
81,Tasikmalaya,8,2023-01-27 03:46:30,2023-01-27 03:46:30,
82,Kab. Tasikmalaya,8,2023-01-27 03:46:30,2023-01-27 03:46:30,
83,Banjarnegara,9,2023-01-27 03:46:30,2023-01-27 03:46:30,
84,Banyumas,9,2023-01-27 03:46:30,2023-01-27 03:46:30,
85,Batang,9,2023-01-27 03:46:30,2023-01-27 03:46:30,
86,Blora,9,2023-01-27 03:46:30,2023-01-27 03:46:30,
87,Boyolali,9,2023-01-27 03:46:30,2023-01-27 03:46:30,
88,Brebes,9,2023-01-27 03:46:30,2023-01-27 03:46:30,
89,Cilacap,9,2023-01-27 03:46:30,2023-01-27 03:46:30,
90,Demak,9,2023-01-27 03:46:30,2023-01-27 03:46:30,
91,Grobogan,9,2023-01-27 03:46:30,2023-01-27 03:46:30,
92,Jepara,9,2023-01-27 03:46:30,2023-01-27 03:46:30,
93,Karanganyar,9,2023-01-27 03:46:30,2023-01-27 03:46:30,
94,Kebumen,9,2023-01-27 03:46:30,2023-01-27 03:46:30,
95,Kendal,9,2023-01-27 03:46:30,2023-01-27 03:46:30,
96,Klaten,9,2023-01-27 03:46:30,2023-01-27 03:46:30,
97,Kudus,9,2023-01-27 03:46:30,2023-01-27 03:46:30,
98,Magelang,9,2023-01-27 03:46:30,2023-01-27 03:46:30,
99,Kab. Magelang,9,2023-01-27 03:46:30,2023-01-27 03:46:30,
100,Pati,9,2023-01-27 03:46:31,2023-01-27 03:46:31,
101,Pekalongan,9,2023-01-27 03:46:31,2023-01-27 03:46:31,
102,Kab. Pekalongan,9,2023-01-27 03:46:31,2023-01-27 03:46:31,
103,Pemalang,9,2023-01-27 03:46:31,2023-01-27 03:46:31,
104,Purbalingga,9,2023-01-27 03:46:31,2023-01-27 03:46:31,
105,Purworejo,9,2023-01-27 03:46:31,2023-01-27 03:46:31,
106,Rembang,9,2023-01-27 03:46:31,2023-01-27 03:46:31,
107,Salatiga,9,2023-01-27 03:46:31,2023-01-27 03:46:31,
108,Semarang,9,2023-01-27 03:46:31,2023-01-27 03:46:31,
109,Kab. Semarang,9,2023-01-27 03:46:31,2023-01-27 03:46:31,
110,Sragen,9,2023-01-27 03:46:31,2023-01-27 03:46:31,
111,Solo,9,2023-01-27 03:46:31,2023-01-27 03:46:31,
112,Sukoharjo,9,2023-01-27 03:46:31,2023-01-27 03:46:31,
113,Tegal,9,2023-01-27 03:46:31,2023-01-27 03:46:31,
114,Kab. Tegal,9,2023-01-27 03:46:31,2023-01-27 03:46:31,
115,Temanggung,9,2023-01-27 03:46:31,2023-01-27 03:46:31,
116,Wonogiri,9,2023-01-27 03:46:31,2023-01-27 03:46:31,
117,Wonosobo,9,2023-01-27 03:46:31,2023-01-27 03:46:31,
118,Bangkalan,10,2023-01-27 03:46:31,2023-01-27 03:46:31,
119,Banyuwangi,10,2023-01-27 03:46:31,2023-01-27 03:46:31,
120,Batu,10,2023-01-27 03:46:31,2023-01-27 03:46:31,
121,Blitar,10,2023-01-27 03:46:31,2023-01-27 03:46:31,
122,Kab. Blitar,10,2023-01-27 03:46:31,2023-01-27 03:46:31,
123,Bojonegoro,10,2023-01-27 03:46:31,2023-01-27 03:46:31,
124,Bondowoso,10,2023-01-27 03:46:31,2023-01-27 03:46:31,
125,Gresik,10,2023-01-27 03:46:31,2023-01-27 03:46:31,
126,Jember,10,2023-01-27 03:46:31,2023-01-27 03:46:31,
127,Jombang,10,2023-01-27 03:46:31,2023-01-27 03:46:31,
128,Kediri,10,2023-01-27 03:46:31,2023-01-27 03:46:31,
129,Kab. Kediri,10,2023-01-27 03:46:31,2023-01-27 03:46:31,
130,Lamongan,10,2023-01-27 03:46:31,2023-01-27 03:46:31,
131,Lumajang,10,2023-01-27 03:46:31,2023-01-27 03:46:31,
132,Madiun,10,2023-01-27 03:46:31,2023-01-27 03:46:31,
133,Kab. Madiun,10,2023-01-27 03:46:31,2023-01-27 03:46:31,
134,Magetan,10,2023-01-27 03:46:31,2023-01-27 03:46:31,
135,Malang,10,2023-01-27 03:46:31,2023-01-27 03:46:31,
136,Kab. Malang,10,2023-01-27 03:46:31,2023-01-27 03:46:31,
137,Mojokerto,10,2023-01-27 03:46:31,2023-01-27 03:46:31,
138,Kab. Mojokerto,10,2023-01-27 03:46:31,2023-01-27 03:46:31,
139,Nganjuk,10,2023-01-27 03:46:31,2023-01-27 03:46:31,
140,Ngawi,10,2023-01-27 03:46:31,2023-01-27 03:46:31,
141,Pacitan,10,2023-01-27 03:46:31,2023-01-27 03:46:31,
142,Pamekasan,10,2023-01-27 03:46:31,2023-01-27 03:46:31,
143,Pasuruan,10,2023-01-27 03:46:31,2023-01-27 03:46:31,
144,Kab. Pasuruan,10,2023-01-27 03:46:31,2023-01-27 03:46:31,
145,Ponorogo,10,2023-01-27 03:46:31,2023-01-27 03:46:31,
146,Probolinggo,10,2023-01-27 03:46:31,2023-01-27 03:46:31,
147,Kab. Probolinggo,10,2023-01-27 03:46:31,2023-01-27 03:46:31,
148,Sampang,10,2023-01-27 03:46:31,2023-01-27 03:46:31,
149,Sidoarjo,10,2023-01-27 03:46:31,2023-01-27 03:46:31,
150,Situbondo,10,2023-01-27 03:46:31,2023-01-27 03:46:31,
151,Sumenep,10,2023-01-27 03:46:32,2023-01-27 03:46:32,
152,Surabaya,10,2023-01-27 03:46:32,2023-01-27 03:46:32,
153,Trenggalek,10,2023-01-27 03:46:32,2023-01-27 03:46:32,
154,Tuban,10,2023-01-27 03:46:32,2023-01-27 03:46:32,
155,Tulungagung,10,2023-01-27 03:46:32,2023-01-27 03:46:32,
156,Bengkayang,11,2023-01-27 03:46:32,2023-01-27 03:46:32,
157,Kapuas Hulu,11,2023-01-27 03:46:32,2023-01-27 03:46:32,
158,Kayong Utara,11,2023-01-27 03:46:32,2023-01-27 03:46:32,
159,Ketapang,11,2023-01-27 03:46:32,2023-01-27 03:46:32,
160,Kubu Raya,11,2023-01-27 03:46:32,2023-01-27 03:46:32,
161,Landak,11,2023-01-27 03:46:32,2023-01-27 03:46:32,
162,Melawi,11,2023-01-27 03:46:32,2023-01-27 03:46:32,
163,Pontianak,11,2023-01-27 03:46:32,2023-01-27 03:46:32,
164,Kab. Pontianak,11,2023-01-27 03:46:32,2023-01-27 03:46:32,
165,Sambas,11,2023-01-27 03:46:32,2023-01-27 03:46:32,
166,Sanggau,11,2023-01-27 03:46:32,2023-01-27 03:46:32,
167,Sekadau,11,2023-01-27 03:46:32,2023-01-27 03:46:32,
168,Singkawang,11,2023-01-27 03:46:32,2023-01-27 03:46:32,
169,Sintang,11,2023-01-27 03:46:32,2023-01-27 03:46:32,
170,Balangan,12,2023-01-27 03:46:32,2023-01-27 03:46:32,
171,Kab. Banjar,12,2023-01-27 03:46:32,2023-01-27 03:46:32,
172,Banjarbaru,12,2023-01-27 03:46:32,2023-01-27 03:46:32,
173,Banjarmasin,12,2023-01-27 03:46:32,2023-01-27 03:46:32,
174,Barito Kuala,12,2023-01-27 03:46:32,2023-01-27 03:46:32,
175,Hulu Sungai Selatan,12,2023-01-27 03:46:32,2023-01-27 03:46:32,
176,Hulu Sungai Tengah,12,2023-01-27 03:46:32,2023-01-27 03:46:32,
177,Hulu Sungai Utara,12,2023-01-27 03:46:32,2023-01-27 03:46:32,
178,Kotabaru,12,2023-01-27 03:46:32,2023-01-27 03:46:32,
179,Tabalong,12,2023-01-27 03:46:32,2023-01-27 03:46:32,
180,Tanah Bumbu,12,2023-01-27 03:46:32,2023-01-27 03:46:32,
181,Tanah Laut,12,2023-01-27 03:46:32,2023-01-27 03:46:32,
182,Tapin,12,2023-01-27 03:46:32,2023-01-27 03:46:32,
183,Barito Selatan,13,2023-01-27 03:46:32,2023-01-27 03:46:32,
184,Barito Timur,13,2023-01-27 03:46:32,2023-01-27 03:46:32,
185,Barito Utara,13,2023-01-27 03:46:32,2023-01-27 03:46:32,
186,Gunung Mas,13,2023-01-27 03:46:32,2023-01-27 03:46:32,
187,Kapuas,13,2023-01-27 03:46:32,2023-01-27 03:46:32,
188,Katingan,13,2023-01-27 03:46:32,2023-01-27 03:46:32,
189,Kotawaringin Barat,13,2023-01-27 03:46:32,2023-01-27 03:46:32,
190,Kotawaringin Timur,13,2023-01-27 03:46:32,2023-01-27 03:46:32,
191,Lamandau,13,2023-01-27 03:46:32,2023-01-27 03:46:32,
192,Murung Raya,13,2023-01-27 03:46:32,2023-01-27 03:46:32,
193,Palangkaraya,13,2023-01-27 03:46:32,2023-01-27 03:46:32,
194,Pulang Pisau,13,2023-01-27 03:46:32,2023-01-27 03:46:32,
195,Seruyan,13,2023-01-27 03:46:32,2023-01-27 03:46:32,
196,Sukamara,13,2023-01-27 03:46:32,2023-01-27 03:46:32,
197,Balikpapan,14,2023-01-27 03:46:32,2023-01-27 03:46:32,
198,Berau,14,2023-01-27 03:46:32,2023-01-27 03:46:32,
199,Bontang,14,2023-01-27 03:46:32,2023-01-27 03:46:32,
200,Kutai Barat,14,2023-01-27 03:46:32,2023-01-27 03:46:32,
201,Kutai Kartanegara,14,2023-01-27 03:46:32,2023-01-27 03:46:32,
202,Kutai Timur,14,2023-01-27 03:46:32,2023-01-27 03:46:32,
203,Mahakam Ulu,14,2023-01-27 03:46:32,2023-01-27 03:46:32,
204,Paser,14,2023-01-27 03:46:32,2023-01-27 03:46:32,
205,Penajam Paser Utara,14,2023-01-27 03:46:32,2023-01-27 03:46:32,
206,Samarinda,14,2023-01-27 03:46:33,2023-01-27 03:46:33,
207,Bulungan,15,2023-01-27 03:46:33,2023-01-27 03:46:33,
208,Malinau,15,2023-01-27 03:46:33,2023-01-27 03:46:33,
209,Nunukan,15,2023-01-27 03:46:33,2023-01-27 03:46:33,
210,Tana Tidung,15,2023-01-27 03:46:33,2023-01-27 03:46:33,
211,Tarakan,15,2023-01-27 03:46:33,2023-01-27 03:46:33,
212,Bangka,16,2023-01-27 03:46:33,2023-01-27 03:46:33,
213,Bangka Barat,16,2023-01-27 03:46:33,2023-01-27 03:46:33,
214,Bangka Selatan,16,2023-01-27 03:46:33,2023-01-27 03:46:33,
215,Bangka Tengah,16,2023-01-27 03:46:33,2023-01-27 03:46:33,
216,Belitung,16,2023-01-27 03:46:33,2023-01-27 03:46:33,
217,Belitung Timur,16,2023-01-27 03:46:33,2023-01-27 03:46:33,
218,Pangkal Pinang,16,2023-01-27 03:46:33,2023-01-27 03:46:33,
219,Batam,17,2023-01-27 03:46:33,2023-01-27 03:46:33,
220,Bintan,17,2023-01-27 03:46:33,2023-01-27 03:46:33,
221,Karimun,17,2023-01-27 03:46:33,2023-01-27 03:46:33,
222,Kepulauan Anambas,17,2023-01-27 03:46:33,2023-01-27 03:46:33,
223,Lingga,17,2023-01-27 03:46:33,2023-01-27 03:46:33,
224,Natuna,17,2023-01-27 03:46:33,2023-01-27 03:46:33,
225,Tanjung Pinang,17,2023-01-27 03:46:33,2023-01-27 03:46:33,
226,Bandar Lampung,18,2023-01-27 03:46:33,2023-01-27 03:46:33,
227,Lampung Barat,18,2023-01-27 03:46:33,2023-01-27 03:46:33,
228,Lampung Selatan,18,2023-01-27 03:46:33,2023-01-27 03:46:33,
229,Lampung Tengah,18,2023-01-27 03:46:33,2023-01-27 03:46:33,
230,Lampung Timur,18,2023-01-27 03:46:33,2023-01-27 03:46:33,
231,Lampung Utara,18,2023-01-27 03:46:33,2023-01-27 03:46:33,
232,Mesuji,18,2023-01-27 03:46:33,2023-01-27 03:46:33,
233,Metro,18,2023-01-27 03:46:33,2023-01-27 03:46:33,
234,Pesawaran,18,2023-01-27 03:46:33,2023-01-27 03:46:33,
235,Pesisir Barat,18,2023-01-27 03:46:33,2023-01-27 03:46:33,
236,Pringsewu,18,2023-01-27 03:46:33,2023-01-27 03:46:33,
237,Tanggamus,18,2023-01-27 03:46:33,2023-01-27 03:46:33,
238,Tulang Bawang,18,2023-01-27 03:46:33,2023-01-27 03:46:33,
239,Tulang Bawang Barat,18,2023-01-27 03:46:33,2023-01-27 03:46:33,
240,Way Kanan,18,2023-01-27 03:46:33,2023-01-27 03:46:33,
241,Ambon,19,2023-01-27 03:46:33,2023-01-27 03:46:33,
242,Buru,19,2023-01-27 03:46:33,2023-01-27 03:46:33,
243,Buru Selatan,19,2023-01-27 03:46:33,2023-01-27 03:46:33,
244,Kepulauan Aru,19,2023-01-27 03:46:33,2023-01-27 03:46:33,
245,Maluku Barat Daya,19,2023-01-27 03:46:33,2023-01-27 03:46:33,
246,Maluku Tengah,19,2023-01-27 03:46:33,2023-01-27 03:46:33,
247,Maluku Tenggara,19,2023-01-27 03:46:33,2023-01-27 03:46:33,
248,Maluku Tenggara Barat,19,2023-01-27 03:46:33,2023-01-27 03:46:33,
249,Seram Bagian Barat,19,2023-01-27 03:46:33,2023-01-27 03:46:33,
250,Seram Bagian Timur,19,2023-01-27 03:46:33,2023-01-27 03:46:33,
251,Seram Barat,19,2023-01-27 03:46:33,2023-01-27 03:46:33,
252,Seram Timur,19,2023-01-27 03:46:33,2023-01-27 03:46:33,
253,Tual,19,2023-01-27 03:46:33,2023-01-27 03:46:33,
254,Halmahera Barat,20,2023-01-27 03:46:33,2023-01-27 03:46:33,
255,Halmahera Selatan,20,2023-01-27 03:46:33,2023-01-27 03:46:33,
256,Halmahera Tengah,20,2023-01-27 03:46:33,2023-01-27 03:46:33,
257,Halmahera Timur,20,2023-01-27 03:46:33,2023-01-27 03:46:33,
258,Halmahera Utara,20,2023-01-27 03:46:33,2023-01-27 03:46:33,
259,Kepulauan Sula,20,2023-01-27 03:46:33,2023-01-27 03:46:33,
260,Pulau Morotai,20,2023-01-27 03:46:34,2023-01-27 03:46:34,
261,Ternate,20,2023-01-27 03:46:34,2023-01-27 03:46:34,
262,Tidore Kepulauan,20,2023-01-27 03:46:34,2023-01-27 03:46:34,
263,Aceh Barat,21,2023-01-27 03:46:34,2023-01-27 03:46:34,
264,Aceh Barat Daya,21,2023-01-27 03:46:34,2023-01-27 03:46:34,
265,Aceh Besar,21,2023-01-27 03:46:34,2023-01-27 03:46:34,
266,Aceh Jaya,21,2023-01-27 03:46:34,2023-01-27 03:46:34,
267,Aceh Selatan,21,2023-01-27 03:46:34,2023-01-27 03:46:34,
268,Aceh Singkil,21,2023-01-27 03:46:34,2023-01-27 03:46:34,
269,Aceh Tamiang,21,2023-01-27 03:46:34,2023-01-27 03:46:34,
270,Aceh Tengah,21,2023-01-27 03:46:34,2023-01-27 03:46:34,
271,Aceh Tenggara,21,2023-01-27 03:46:34,2023-01-27 03:46:34,
272,Aceh Timur,21,2023-01-27 03:46:34,2023-01-27 03:46:34,
273,Aceh Utara,21,2023-01-27 03:46:34,2023-01-27 03:46:34,
274,Banda Aceh,21,2023-01-27 03:46:34,2023-01-27 03:46:34,
275,Bener Meriah,21,2023-01-27 03:46:34,2023-01-27 03:46:34,
276,Bireuen,21,2023-01-27 03:46:34,2023-01-27 03:46:34,
277,Gayo Lues,21,2023-01-27 03:46:34,2023-01-27 03:46:34,
278,Langsa,21,2023-01-27 03:46:34,2023-01-27 03:46:34,
279,Lhokseumawe,21,2023-01-27 03:46:34,2023-01-27 03:46:34,
280,Nagan Raya,21,2023-01-27 03:46:34,2023-01-27 03:46:34,
281,Pidie,21,2023-01-27 03:46:34,2023-01-27 03:46:34,
282,Pidie Jaya,21,2023-01-27 03:46:34,2023-01-27 03:46:34,
283,Sabang,21,2023-01-27 03:46:34,2023-01-27 03:46:34,
284,Simeulue,21,2023-01-27 03:46:34,2023-01-27 03:46:34,
285,Subulussalam,21,2023-01-27 03:46:34,2023-01-27 03:46:34,
286,Bima,22,2023-01-27 03:46:34,2023-01-27 03:46:34,
287,Kab. Bima,22,2023-01-27 03:46:34,2023-01-27 03:46:34,
288,Dompu,22,2023-01-27 03:46:34,2023-01-27 03:46:34,
289,Lombok Barat,22,2023-01-27 03:46:34,2023-01-27 03:46:34,
290,Lombok Tengah,22,2023-01-27 03:46:34,2023-01-27 03:46:34,
291,Lombok Timur,22,2023-01-27 03:46:34,2023-01-27 03:46:34,
292,Lombok Utara,22,2023-01-27 03:46:34,2023-01-27 03:46:34,
293,Mataram,22,2023-01-27 03:46:34,2023-01-27 03:46:34,
294,Sumbawa,22,2023-01-27 03:46:34,2023-01-27 03:46:34,
295,Sumbawa Barat,22,2023-01-27 03:46:34,2023-01-27 03:46:34,
296,Alor,23,2023-01-27 03:46:34,2023-01-27 03:46:34,
297,Belu,23,2023-01-27 03:46:34,2023-01-27 03:46:34,
298,Ende,23,2023-01-27 03:46:34,2023-01-27 03:46:34,
299,Flores Timur,23,2023-01-27 03:46:34,2023-01-27 03:46:34,
300,Kupang,23,2023-01-27 03:46:34,2023-01-27 03:46:34,
301,Kab. Kupang,23,2023-01-27 03:46:34,2023-01-27 03:46:34,
302,Lembata,23,2023-01-27 03:46:34,2023-01-27 03:46:34,
303,Malaka,23,2023-01-27 03:46:34,2023-01-27 03:46:34,
304,Manggarai,23,2023-01-27 03:46:34,2023-01-27 03:46:34,
305,Manggarai Barat,23,2023-01-27 03:46:34,2023-01-27 03:46:34,
306,Manggarai Timur,23,2023-01-27 03:46:34,2023-01-27 03:46:34,
307,Nagekeo,23,2023-01-27 03:46:34,2023-01-27 03:46:34,
308,Ngada,23,2023-01-27 03:46:34,2023-01-27 03:46:34,
309,Rote Ndao,23,2023-01-27 03:46:34,2023-01-27 03:46:34,
310,Sabu Raijua,23,2023-01-27 03:46:34,2023-01-27 03:46:34,
311,Sikka,23,2023-01-27 03:46:34,2023-01-27 03:46:34,
312,Sumba Barat,23,2023-01-27 03:46:34,2023-01-27 03:46:34,
313,Sumba Barat Daya,23,2023-01-27 03:46:34,2023-01-27 03:46:34,
314,Sumba Tengah,23,2023-01-27 03:46:34,2023-01-27 03:46:34,
315,Sumba Timur,23,2023-01-27 03:46:34,2023-01-27 03:46:34,
316,Timor Tengah Selatan,23,2023-01-27 03:46:35,2023-01-27 03:46:35,
317,Timor Tengah Utara,23,2023-01-27 03:46:35,2023-01-27 03:46:35,
318,Asmat,24,2023-01-27 03:46:35,2023-01-27 03:46:35,
319,Biak Numfor,24,2023-01-27 03:46:35,2023-01-27 03:46:35,
320,Boven Digoel,24,2023-01-27 03:46:35,2023-01-27 03:46:35,
321,Deiyai,24,2023-01-27 03:46:35,2023-01-27 03:46:35,
322,Dogiyai,24,2023-01-27 03:46:35,2023-01-27 03:46:35,
323,Intan Jaya,24,2023-01-27 03:46:35,2023-01-27 03:46:35,
324,Jayapura,24,2023-01-27 03:46:35,2023-01-27 03:46:35,
325,Kab. Jayapura,24,2023-01-27 03:46:35,2023-01-27 03:46:35,
326,Jayawijaya,24,2023-01-27 03:46:35,2023-01-27 03:46:35,
327,Keerom,24,2023-01-27 03:46:35,2023-01-27 03:46:35,
328,Kepulauan Yapen,24,2023-01-27 03:46:35,2023-01-27 03:46:35,
329,Lanny Jaya,24,2023-01-27 03:46:35,2023-01-27 03:46:35,
330,Mamberamo Raya,24,2023-01-27 03:46:35,2023-01-27 03:46:35,
331,Mamberamo Tengah,24,2023-01-27 03:46:35,2023-01-27 03:46:35,
332,Mappi,24,2023-01-27 03:46:35,2023-01-27 03:46:35,
333,Merauke,24,2023-01-27 03:46:35,2023-01-27 03:46:35,
334,Mimika,24,2023-01-27 03:46:35,2023-01-27 03:46:35,
335,Nabire,24,2023-01-27 03:46:35,2023-01-27 03:46:35,
336,Nduga,24,2023-01-27 03:46:35,2023-01-27 03:46:35,
337,Paniai,24,2023-01-27 03:46:35,2023-01-27 03:46:35,
338,Pegunungan Bintang,24,2023-01-27 03:46:35,2023-01-27 03:46:35,
339,Puncak,24,2023-01-27 03:46:35,2023-01-27 03:46:35,
340,Puncak Jaya,24,2023-01-27 03:46:35,2023-01-27 03:46:35,
341,Sarmi,24,2023-01-27 03:46:35,2023-01-27 03:46:35,
342,Supiori,24,2023-01-27 03:46:35,2023-01-27 03:46:35,
343,Tolikara,24,2023-01-27 03:46:35,2023-01-27 03:46:35,
344,Waropen,24,2023-01-27 03:46:35,2023-01-27 03:46:35,
345,Yahukimo,24,2023-01-27 03:46:35,2023-01-27 03:46:35,
346,Yalimo,24,2023-01-27 03:46:35,2023-01-27 03:46:35,
347,Fakfak,25,2023-01-27 03:46:35,2023-01-27 03:46:35,
348,Kaimana,25,2023-01-27 03:46:35,2023-01-27 03:46:35,
349,Manokwari,25,2023-01-27 03:46:35,2023-01-27 03:46:35,
350,Manokwari Selatan,25,2023-01-27 03:46:35,2023-01-27 03:46:35,
351,Maybrat,25,2023-01-27 03:46:35,2023-01-27 03:46:35,
352,Pegunungan Arfak,25,2023-01-27 03:46:35,2023-01-27 03:46:35,
353,Raja Ampat,25,2023-01-27 03:46:35,2023-01-27 03:46:35,
354,Sorong,25,2023-01-27 03:46:35,2023-01-27 03:46:35,
355,Kab. Sorong,25,2023-01-27 03:46:35,2023-01-27 03:46:35,
356,Sorong Selatan,25,2023-01-27 03:46:35,2023-01-27 03:46:35,
357,Tambrauw,25,2023-01-27 03:46:35,2023-01-27 03:46:35,
358,Teluk Bintuni,25,2023-01-27 03:46:35,2023-01-27 03:46:35,
359,Teluk Wondama,25,2023-01-27 03:46:35,2023-01-27 03:46:35,
360,Bengkalis,26,2023-01-27 03:46:35,2023-01-27 03:46:35,
361,Dumai,26,2023-01-27 03:46:35,2023-01-27 03:46:35,
362,Indragiri Hilir,26,2023-01-27 03:46:36,2023-01-27 03:46:36,
363,Indragiri Hulu,26,2023-01-27 03:46:36,2023-01-27 03:46:36,
364,Kampar,26,2023-01-27 03:46:36,2023-01-27 03:46:36,
365,Kepulauan Meranti,26,2023-01-27 03:46:36,2023-01-27 03:46:36,
366,Kuantan Singingi,26,2023-01-27 03:46:36,2023-01-27 03:46:36,
367,Pekanbaru,26,2023-01-27 03:46:36,2023-01-27 03:46:36,
368,Pelalawan,26,2023-01-27 03:46:36,2023-01-27 03:46:36,
369,Rokan Hilir,26,2023-01-27 03:46:36,2023-01-27 03:46:36,
370,Rokan Hulu,26,2023-01-27 03:46:36,2023-01-27 03:46:36,
371,Siak,26,2023-01-27 03:46:36,2023-01-27 03:46:36,
372,Majene,27,2023-01-27 03:46:36,2023-01-27 03:46:36,
373,Mamasa,27,2023-01-27 03:46:36,2023-01-27 03:46:36,
374,Mamuju,27,2023-01-27 03:46:36,2023-01-27 03:46:36,
375,Mamuju Tengah,27,2023-01-27 03:46:36,2023-01-27 03:46:36,
376,Mamuju Utara,27,2023-01-27 03:46:36,2023-01-27 03:46:36,
377,Polewali Mandar,27,2023-01-27 03:46:36,2023-01-27 03:46:36,
378,Bantaeng,28,2023-01-27 03:46:36,2023-01-27 03:46:36,
379,Barru,28,2023-01-27 03:46:36,2023-01-27 03:46:36,
380,Bone,28,2023-01-27 03:46:36,2023-01-27 03:46:36,
381,Bulukumba,28,2023-01-27 03:46:36,2023-01-27 03:46:36,
382,Enrekang,28,2023-01-27 03:46:36,2023-01-27 03:46:36,
383,Gowa,28,2023-01-27 03:46:36,2023-01-27 03:46:36,
384,Jeneponto,28,2023-01-27 03:46:36,2023-01-27 03:46:36,
385,Kepulauan Selayar,28,2023-01-27 03:46:36,2023-01-27 03:46:36,
386,Luwu,28,2023-01-27 03:46:36,2023-01-27 03:46:36,
387,Luwu Timur,28,2023-01-27 03:46:36,2023-01-27 03:46:36,
388,Luwu Utara,28,2023-01-27 03:46:36,2023-01-27 03:46:36,
389,Makassar,28,2023-01-27 03:46:36,2023-01-27 03:46:36,
390,Maros,28,2023-01-27 03:46:36,2023-01-27 03:46:36,
391,Palopo,28,2023-01-27 03:46:36,2023-01-27 03:46:36,
392,Pangkajene dan Kepulauan,28,2023-01-27 03:46:36,2023-01-27 03:46:36,
393,Parepare,28,2023-01-27 03:46:36,2023-01-27 03:46:36,
394,Pinrang,28,2023-01-27 03:46:36,2023-01-27 03:46:36,
395,Sidenreng Rappang,28,2023-01-27 03:46:36,2023-01-27 03:46:36,
396,Sinjai,28,2023-01-27 03:46:36,2023-01-27 03:46:36,
397,Soppeng,28,2023-01-27 03:46:36,2023-01-27 03:46:36,
398,Takalar,28,2023-01-27 03:46:36,2023-01-27 03:46:36,
399,Tana Toraja,28,2023-01-27 03:46:36,2023-01-27 03:46:36,
400,Toraja Utara,28,2023-01-27 03:46:36,2023-01-27 03:46:36,
401,Wajo,28,2023-01-27 03:46:36,2023-01-27 03:46:36,
402,Banggai,29,2023-01-27 03:46:36,2023-01-27 03:46:36,
403,Banggai Kepulauan,29,2023-01-27 03:46:36,2023-01-27 03:46:36,
404,Banggai Laut,29,2023-01-27 03:46:36,2023-01-27 03:46:36,
405,Buol,29,2023-01-27 03:46:36,2023-01-27 03:46:36,
406,Donggala,29,2023-01-27 03:46:36,2023-01-27 03:46:36,
407,Morowali,29,2023-01-27 03:46:36,2023-01-27 03:46:36,
408,Morowali Utara,29,2023-01-27 03:46:36,2023-01-27 03:46:36,
409,Palu,29,2023-01-27 03:46:36,2023-01-27 03:46:36,
410,Parigi Moutong,29,2023-01-27 03:46:36,2023-01-27 03:46:36,
411,Poso,29,2023-01-27 03:46:36,2023-01-27 03:46:36,
412,Sigi,29,2023-01-27 03:46:37,2023-01-27 03:46:37,
413,Tojo Una-Una,29,2023-01-27 03:46:37,2023-01-27 03:46:37,
414,Toli-Toli,29,2023-01-27 03:46:37,2023-01-27 03:46:37,
415,Bau-Bau,30,2023-01-27 03:46:37,2023-01-27 03:46:37,
416,Bombana,30,2023-01-27 03:46:37,2023-01-27 03:46:37,
417,Buton,30,2023-01-27 03:46:37,2023-01-27 03:46:37,
418,Buton Selatan,30,2023-01-27 03:46:37,2023-01-27 03:46:37,
419,Buton Tengah,30,2023-01-27 03:46:37,2023-01-27 03:46:37,
420,Buton Utara,30,2023-01-27 03:46:37,2023-01-27 03:46:37,
421,Kendari,30,2023-01-27 03:46:37,2023-01-27 03:46:37,
422,Kolaka,30,2023-01-27 03:46:37,2023-01-27 03:46:37,
423,Kolaka Timur,30,2023-01-27 03:46:37,2023-01-27 03:46:37,
424,Kolaka Utara,30,2023-01-27 03:46:37,2023-01-27 03:46:37,
425,Konawe,30,2023-01-27 03:46:37,2023-01-27 03:46:37,
426,Konawe Kepulauan,30,2023-01-27 03:46:37,2023-01-27 03:46:37,
427,Konawe Selatan,30,2023-01-27 03:46:37,2023-01-27 03:46:37,
428,Konawe Utara,30,2023-01-27 03:46:37,2023-01-27 03:46:37,
429,Muna,30,2023-01-27 03:46:37,2023-01-27 03:46:37,
430,Wakatobi,30,2023-01-27 03:46:37,2023-01-27 03:46:37,
431,Bitung,31,2023-01-27 03:46:37,2023-01-27 03:46:37,
432,Bolaang Mongondow,31,2023-01-27 03:46:37,2023-01-27 03:46:37,
433,Bolaang Mongondow Selatan,31,2023-01-27 03:46:37,2023-01-27 03:46:37,
434,Bolaang Mongondow Timur,31,2023-01-27 03:46:37,2023-01-27 03:46:37,
435,Bolaang Mongondow Utara,31,2023-01-27 03:46:37,2023-01-27 03:46:37,
436,Kepulauan Sangihe,31,2023-01-27 03:46:37,2023-01-27 03:46:37,
437,Kepulauan Siau Tagulandang Biaro,31,2023-01-27 03:46:37,2023-01-27 03:46:37,
438,Kepulauan Talaud,31,2023-01-27 03:46:37,2023-01-27 03:46:37,
439,Kotamobagu,31,2023-01-27 03:46:37,2023-01-27 03:46:37,
440,Manado,31,2023-01-27 03:46:37,2023-01-27 03:46:37,
441,Minahasa,31,2023-01-27 03:46:37,2023-01-27 03:46:37,
442,Minahasa Selatan,31,2023-01-27 03:46:37,2023-01-27 03:46:37,
443,Minahasa Tenggara,31,2023-01-27 03:46:37,2023-01-27 03:46:37,
444,Minahasa Utara,31,2023-01-27 03:46:37,2023-01-27 03:46:37,
445,Tomohon,31,2023-01-27 03:46:37,2023-01-27 03:46:37,
446,Agam,32,2023-01-27 03:46:37,2023-01-27 03:46:37,
447,Bukittinggi,32,2023-01-27 03:46:37,2023-01-27 03:46:37,
448,Dharmasraya,32,2023-01-27 03:46:37,2023-01-27 03:46:37,
449,Kepulauan Mentawai,32,2023-01-27 03:46:37,2023-01-27 03:46:37,
450,Lima Puluh Kota,32,2023-01-27 03:46:37,2023-01-27 03:46:37,
451,Padang,32,2023-01-27 03:46:37,2023-01-27 03:46:37,
452,Padang Pariaman,32,2023-01-27 03:46:37,2023-01-27 03:46:37,
453,Padangpanjang,32,2023-01-27 03:46:37,2023-01-27 03:46:37,
454,Pariaman,32,2023-01-27 03:46:37,2023-01-27 03:46:37,
455,Pasaman,32,2023-01-27 03:46:37,2023-01-27 03:46:37,
456,Pasaman Barat,32,2023-01-27 03:46:37,2023-01-27 03:46:37,
457,Payakumbuh,32,2023-01-27 03:46:37,2023-01-27 03:46:37,
458,Pesisir Selatan,32,2023-01-27 03:46:37,2023-01-27 03:46:37,
459,Sawahlunto,32,2023-01-27 03:46:37,2023-01-27 03:46:37,
460,Sijunjung,32,2023-01-27 03:46:37,2023-01-27 03:46:37,
461,Solok,32,2023-01-27 03:46:37,2023-01-27 03:46:37,
462,Kab. Solok,32,2023-01-27 03:46:37,2023-01-27 03:46:37,
463,Solok Selatan,32,2023-01-27 03:46:37,2023-01-27 03:46:37,
464,Tanah Datar,32,2023-01-27 03:46:37,2023-01-27 03:46:37,
465,Banyuasin,33,2023-01-27 03:46:37,2023-01-27 03:46:37,
466,Empat Lawang,33,2023-01-27 03:46:38,2023-01-27 03:46:38,
467,Lahat,33,2023-01-27 03:46:38,2023-01-27 03:46:38,
468,Lubuklinggau,33,2023-01-27 03:46:38,2023-01-27 03:46:38,
469,Muara Enim,33,2023-01-27 03:46:38,2023-01-27 03:46:38,
470,Musi Banyuasin,33,2023-01-27 03:46:38,2023-01-27 03:46:38,
471,Musi Rawas,33,2023-01-27 03:46:38,2023-01-27 03:46:38,
472,Ogan Ilir,33,2023-01-27 03:46:38,2023-01-27 03:46:38,
473,Ogan Komering Ilir,33,2023-01-27 03:46:38,2023-01-27 03:46:38,
474,Ogan Komering Ulu,33,2023-01-27 03:46:38,2023-01-27 03:46:38,
475,Ogan Komering Ulu Selatan,33,2023-01-27 03:46:38,2023-01-27 03:46:38,
476,Ogan Komering Ulu Timur,33,2023-01-27 03:46:38,2023-01-27 03:46:38,
477,Pagar Alam,33,2023-01-27 03:46:38,2023-01-27 03:46:38,
478,Palembang,33,2023-01-27 03:46:38,2023-01-27 03:46:38,
479,Penukal Abab Lematang Ilir,33,2023-01-27 03:46:38,2023-01-27 03:46:38,
480,Prabumulih,33,2023-01-27 03:46:38,2023-01-27 03:46:38,
481,Asahan,34,2023-01-27 03:46:38,2023-01-27 03:46:38,
482,Batu Bara,34,2023-01-27 03:46:38,2023-01-27 03:46:38,
483,Binjai,34,2023-01-27 03:46:38,2023-01-27 03:46:38,
484,Dairi,34,2023-01-27 03:46:38,2023-01-27 03:46:38,
485,Deli Serdang,34,2023-01-27 03:46:38,2023-01-27 03:46:38,
486,Gunung Sitoli,34,2023-01-27 03:46:38,2023-01-27 03:46:38,
487,Humbang Hasundutan,34,2023-01-27 03:46:38,2023-01-27 03:46:38,
488,Karo,34,2023-01-27 03:46:38,2023-01-27 03:46:38,
489,Labuhanbatu,34,2023-01-27 03:46:38,2023-01-27 03:46:38,
490,Labuhanbatu Selatan,34,2023-01-27 03:46:38,2023-01-27 03:46:38,
491,Labuhanbatu Utara,34,2023-01-27 03:46:38,2023-01-27 03:46:38,
492,Langkat,34,2023-01-27 03:46:38,2023-01-27 03:46:38,
493,Mandailing Natal,34,2023-01-27 03:46:38,2023-01-27 03:46:38,
494,Medan,34,2023-01-27 03:46:38,2023-01-27 03:46:38,
495,Nias,34,2023-01-27 03:46:38,2023-01-27 03:46:38,
496,Nias Barat,34,2023-01-27 03:46:38,2023-01-27 03:46:38,
497,Nias Selatan,34,2023-01-27 03:46:38,2023-01-27 03:46:38,
498,Nias Utara,34,2023-01-27 03:46:38,2023-01-27 03:46:38,
499,Padang Lawas,34,2023-01-27 03:46:38,2023-01-27 03:46:38,
500,Padang Lawas Utara,34,2023-01-27 03:46:38,2023-01-27 03:46:38,
501,Padang Sidempuan,34,2023-01-27 03:46:38,2023-01-27 03:46:38,
502,Pakpak Barat,34,2023-01-27 03:46:38,2023-01-27 03:46:38,
503,Pematangsiantar,34,2023-01-27 03:46:38,2023-01-27 03:46:38,
504,Samosir,34,2023-01-27 03:46:38,2023-01-27 03:46:38,
505,Serdang Bedagai,34,2023-01-27 03:46:38,2023-01-27 03:46:38,
506,Sibolga,34,2023-01-27 03:46:38,2023-01-27 03:46:38,
507,Simalungun,34,2023-01-27 03:46:38,2023-01-27 03:46:38,
508,Tanjung Balai,34,2023-01-27 03:46:38,2023-01-27 03:46:38,
509,Tapanuli Selatan,34,2023-01-27 03:46:38,2023-01-27 03:46:38,
510,Tapanuli Tengah,34,2023-01-27 03:46:38,2023-01-27 03:46:38,
511,Tapanuli Utara,34,2023-01-27 03:46:38,2023-01-27 03:46:38,
512,Tebing Tinggi,34,2023-01-27 03:46:38,2023-01-27 03:46:38,
513,Toba Samosir,34,2023-01-27 03:46:38,2023-01-27 03:46:38,
