"id","name","provinceId","createdAt","updatedAt","deletedAt"
"86ae73b8-656c-42ca-9cce-16a423f64b40",KABUPATEN ACEH SELATAN,"63cc6898-f288-4ff7-971d-8cafe87b1fbc",2023-05-20 13:28:04.557,2023-05-20 13:28:04.557,
"76b721b1-0be0-4aba-bacc-6d2a386504e2",KABUPATEN SIMEULUE,"63cc6898-f288-4ff7-971d-8cafe87b1fbc",2023-05-20 13:28:04.557,2023-05-20 13:28:04.557,
cc3c0d0a-0121-498c-ad90-13e342c32f38,KABUPATEN ACEH TENGAH,"63cc6898-f288-4ff7-971d-8cafe87b1fbc",2023-05-20 13:28:04.557,2023-05-20 13:28:04.557,
d42f8958-d03f-46be-974d-b2defbc7aad2,KABUPATEN ACEH TENGGARA,"63cc6898-f288-4ff7-971d-8cafe87b1fbc",2023-05-20 13:28:04.557,2023-05-20 13:28:04.557,
"08810634-be96-4127-9a3c-b77c139ec196",KABUPATEN ACEH TIMUR,"63cc6898-f288-4ff7-971d-8cafe87b1fbc",2023-05-20 13:28:04.557,2023-05-20 13:28:04.557,
be515597-07cc-4c95-b1ee-2b4bded0e764,KABUPATEN ACEH BARAT,"63cc6898-f288-4ff7-971d-8cafe87b1fbc",2023-05-20 13:28:04.557,2023-05-20 13:28:04.557,
"65a7f002-c5ff-4119-9ba6-f583b9de1008",KABUPATEN ACEH BESAR,"63cc6898-f288-4ff7-971d-8cafe87b1fbc",2023-05-20 13:28:04.557,2023-05-20 13:28:04.557,
"3bd0d8df-2b20-4bd8-a286-16b23595a0b2",KABUPATEN PIDIE,"63cc6898-f288-4ff7-971d-8cafe87b1fbc",2023-05-20 13:28:04.557,2023-05-20 13:28:04.557,
"0848bc35-b83f-4dc3-86bc-f78b8e75a657",KABUPATEN ACEH SINGKIL,"63cc6898-f288-4ff7-971d-8cafe87b1fbc",2023-05-20 13:28:04.557,2023-05-20 13:28:04.557,
d3741898-efd3-4c2b-b6bc-30fba7934da6,KABUPATEN GAYO LUES,"63cc6898-f288-4ff7-971d-8cafe87b1fbc",2023-05-20 13:28:04.557,2023-05-20 13:28:04.557,
"0dbdb98d-a469-49e3-8e16-2dfba2cbe58c",KABUPATEN NAGAN RAYA,"63cc6898-f288-4ff7-971d-8cafe87b1fbc",2023-05-20 13:28:04.557,2023-05-20 13:28:04.557,
"7bb4f5a1-0da0-46d4-a6eb-8b93ff199beb",KABUPATEN ACEH JAYA,"63cc6898-f288-4ff7-971d-8cafe87b1fbc",2023-05-20 13:28:04.558,2023-05-20 13:28:04.558,
fe531b48-1387-4728-bbeb-4978c1a258f2,KABUPATEN ACEH TAMIANG,"63cc6898-f288-4ff7-971d-8cafe87b1fbc",2023-05-20 13:28:04.558,2023-05-20 13:28:04.558,
c5ec65ef-d17e-421c-9dda-f8cd78cea827,KABUPATEN PIDIE JAYA,"63cc6898-f288-4ff7-971d-8cafe87b1fbc",2023-05-20 13:28:04.558,2023-05-20 13:28:04.558,
"19137699-9ea2-45fb-8a81-3c9480f0c7e2",KABUPATEN ACEH BARAT DAYA,"63cc6898-f288-4ff7-971d-8cafe87b1fbc",2023-05-20 13:28:04.558,2023-05-20 13:28:04.558,
"9f218ef4-b51f-4de7-901b-c46d2f7237d6",KABUPATEN ACEH UTARA,"63cc6898-f288-4ff7-971d-8cafe87b1fbc",2023-05-20 13:28:04.558,2023-05-20 13:28:04.558,
"9cdec051-fef1-45ca-961b-669d31ebc6d9",KABUPATEN BIREUEN,"63cc6898-f288-4ff7-971d-8cafe87b1fbc",2023-05-20 13:28:04.558,2023-05-20 13:28:04.558,
acbafb16-b4a2-4368-8976-d36b3e80a19b,KOTA BANDA ACEH,"63cc6898-f288-4ff7-971d-8cafe87b1fbc",2023-05-20 13:28:04.558,2023-05-20 13:28:04.558,
"621c0045-8324-4335-ae3e-480926cbf6cb",KOTA SABANG,"63cc6898-f288-4ff7-971d-8cafe87b1fbc",2023-05-20 13:28:04.558,2023-05-20 13:28:04.558,
"8d5273dc-4e71-4b2b-a99c-d44b1cd3eb32",KABUPATEN TAPANULI TENGAH,d2ff9353-0620-41b8-a32f-0723879273b2,2023-05-20 13:28:04.558,2023-05-20 13:28:04.558,
cd941b56-17e1-493d-a105-770469eaa92e,KOTA SUBULUSSALAM,"63cc6898-f288-4ff7-971d-8cafe87b1fbc",2023-05-20 13:28:04.558,2023-05-20 13:28:04.558,
"0e910afb-2764-4cac-bad6-71c5e447a958",KABUPATEN TAPANULI SELATAN,d2ff9353-0620-41b8-a32f-0723879273b2,2023-05-20 13:28:04.558,2023-05-20 13:28:04.558,
f20d052e-cd0e-4775-b3e1-330ef906bee5,KABUPATEN MANDAILING NATAL,d2ff9353-0620-41b8-a32f-0723879273b2,2023-05-20 13:28:04.558,2023-05-20 13:28:04.558,
"7e5b172d-27be-498c-ae91-0007df1a2f5b",KABUPATEN ASAHAN,d2ff9353-0620-41b8-a32f-0723879273b2,2023-05-20 13:28:04.558,2023-05-20 13:28:04.558,
"71e7efd3-e9a1-457a-80ec-5c9b872f28de",KABUPATEN TOBA SAMOSIR,d2ff9353-0620-41b8-a32f-0723879273b2,2023-05-20 13:28:04.558,2023-05-20 13:28:04.558,
"28298a46-1c31-4c29-8968-b374f90d9196",KABUPATEN SIMALUNGUN,d2ff9353-0620-41b8-a32f-0723879273b2,2023-05-20 13:28:04.558,2023-05-20 13:28:04.558,
"003b31e4-1c1c-40e2-9849-8f4b2e9eca3b",KABUPATEN TAPANULI UTARA,d2ff9353-0620-41b8-a32f-0723879273b2,2023-05-20 13:28:04.558,2023-05-20 13:28:04.558,
"5ae24221-ea29-4752-ad72-28a9060cb2aa",KOTA LANGSA,"63cc6898-f288-4ff7-971d-8cafe87b1fbc",2023-05-20 13:28:04.558,2023-05-20 13:28:04.558,
"259f1b10-799b-45ce-8e11-ec6e48866a42",KABUPATEN PAKPAK BHARAT,d2ff9353-0620-41b8-a32f-0723879273b2,2023-05-20 13:28:04.558,2023-05-20 13:28:04.558,
"86383afa-544c-4920-8cee-09326d576517",KABUPATEN SERDANG BEDAGAI,d2ff9353-0620-41b8-a32f-0723879273b2,2023-05-20 13:28:04.558,2023-05-20 13:28:04.558,
"637bf8d0-7e4f-4f92-bc97-42989e338566",KABUPATEN NIAS,d2ff9353-0620-41b8-a32f-0723879273b2,2023-05-20 13:28:04.558,2023-05-20 13:28:04.558,
"16ab03bb-0269-4688-868e-a351df5c39e7",KABUPATEN LANGKAT,d2ff9353-0620-41b8-a32f-0723879273b2,2023-05-20 13:28:04.558,2023-05-20 13:28:04.558,
d5390e92-d44d-46d8-b7c2-d2b72288802c,KABUPATEN NIAS SELATAN,d2ff9353-0620-41b8-a32f-0723879273b2,2023-05-20 13:28:04.558,2023-05-20 13:28:04.558,
b79c8e69-6448-4337-9d78-aec8fd449d72,KABUPATEN LABUHAN BATU,d2ff9353-0620-41b8-a32f-0723879273b2,2023-05-20 13:28:04.558,2023-05-20 13:28:04.558,
c6ee357b-025c-41d5-8b1a-00c22a169365,KABUPATEN KARO,d2ff9353-0620-41b8-a32f-0723879273b2,2023-05-20 13:28:04.558,2023-05-20 13:28:04.558,
"749d925c-279c-461b-838f-ce22c4d2afa9",KABUPATEN BATU BARA,d2ff9353-0620-41b8-a32f-0723879273b2,2023-05-20 13:28:04.558,2023-05-20 13:28:04.558,
"830f3b8c-38f2-4bbe-85e6-2839ac965d4a",KABUPATEN LABUHAN BATU SELATAN,d2ff9353-0620-41b8-a32f-0723879273b2,2023-05-20 13:28:04.558,2023-05-20 13:28:04.558,
b0ad967b-d545-4d2a-82dd-f5aee0599a16,KABUPATEN SAMOSIR,d2ff9353-0620-41b8-a32f-0723879273b2,2023-05-20 13:28:04.558,2023-05-20 13:28:04.558,
"17513b26-29e8-4b25-bbac-3796fc3f9a65",KABUPATEN PADANG LAWAS UTARA,d2ff9353-0620-41b8-a32f-0723879273b2,2023-05-20 13:28:04.558,2023-05-20 13:28:04.558,
f0462422-5bb6-46e5-b049-88f8700e44d2,KABUPATEN PADANG LAWAS,d2ff9353-0620-41b8-a32f-0723879273b2,2023-05-20 13:28:04.558,2023-05-20 13:28:04.558,
d665d0d7-9d82-4de2-8542-47bc10b5f44d,KABUPATEN NIAS UTARA,d2ff9353-0620-41b8-a32f-0723879273b2,2023-05-20 13:28:04.558,2023-05-20 13:28:04.558,
c45c5214-10a0-46bc-93a1-5644cde37087,KABUPATEN BENER MERIAH,"63cc6898-f288-4ff7-971d-8cafe87b1fbc",2023-05-20 13:28:04.558,2023-05-20 13:28:04.558,
"6e255532-f111-45b2-ae3b-9302c12522ce",KABUPATEN DAIRI,d2ff9353-0620-41b8-a32f-0723879273b2,2023-05-20 13:28:04.558,2023-05-20 13:28:04.558,
"27b53db6-a6a6-42f9-9264-8aa11c702db3",KOTA TANJUNG BALAI,d2ff9353-0620-41b8-a32f-0723879273b2,2023-05-20 13:28:04.558,2023-05-20 13:28:04.558,
"6c6b6bca-31ab-4bca-8214-3ba4c12f55e1",KOTA SIBOLGA,d2ff9353-0620-41b8-a32f-0723879273b2,2023-05-20 13:28:04.558,2023-05-20 13:28:04.558,
"0193cece-7229-4b69-b31b-297b43b0acf6",KOTA PEMATANG SIANTAR,d2ff9353-0620-41b8-a32f-0723879273b2,2023-05-20 13:28:04.558,2023-05-20 13:28:04.558,
cc3862ec-5b7a-41dc-a39e-061963dd06e0,KABUPATEN NIAS BARAT,d2ff9353-0620-41b8-a32f-0723879273b2,2023-05-20 13:28:04.558,2023-05-20 13:28:04.558,
f4edeb69-afe6-45f8-a4b0-472861d3d68e,KOTA MEDAN,d2ff9353-0620-41b8-a32f-0723879273b2,2023-05-20 13:28:04.558,2023-05-20 13:28:04.558,
"8b0dfd76-ce32-49ee-8b13-d8f2061039e3",KOTA GUNUNGSITOLI,d2ff9353-0620-41b8-a32f-0723879273b2,2023-05-20 13:28:04.558,2023-05-20 13:28:04.558,
"3c220167-33b7-47b1-9148-9c0c5d126e44",KABUPATEN LABUHAN BATU UTARA,d2ff9353-0620-41b8-a32f-0723879273b2,2023-05-20 13:28:04.558,2023-05-20 13:28:04.558,
bcb87b3e-c5a6-4f78-9828-3f92a5ed7c7b,KOTA TEBING TINGGI,d2ff9353-0620-41b8-a32f-0723879273b2,2023-05-20 13:28:04.558,2023-05-20 13:28:04.558,
e93a2c0d-4b57-44e3-9e25-d88661012a76,KABUPATEN KEPULAUAN MENTAWAI,b133750e-5b82-493d-82b2-f5b412aac172,2023-05-20 13:28:04.558,2023-05-20 13:28:04.558,
"4e744905-6936-44e7-bf4f-46836aaaf296",KOTA BINJAI,d2ff9353-0620-41b8-a32f-0723879273b2,2023-05-20 13:28:04.558,2023-05-20 13:28:04.558,
da214f1d-cb45-4f72-add5-306a25688128,KABUPATEN SIJUNJUNG,b133750e-5b82-493d-82b2-f5b412aac172,2023-05-20 13:28:04.558,2023-05-20 13:28:04.558,
"52ecba88-8d25-4f02-b9a4-8d1e9ccc85da",KABUPATEN PADANG PARIAMAN,b133750e-5b82-493d-82b2-f5b412aac172,2023-05-20 13:28:04.558,2023-05-20 13:28:04.558,
f4da2ff6-6fc2-41c0-853a-16abf4b3a937,KABUPATEN TANAH DATAR,b133750e-5b82-493d-82b2-f5b412aac172,2023-05-20 13:28:04.558,2023-05-20 13:28:04.558,
"12683b6e-f84d-4d0b-bf8c-ed2c3477176a",KOTA LHOKSEUMAWE,"63cc6898-f288-4ff7-971d-8cafe87b1fbc",2023-05-20 13:28:04.558,2023-05-20 13:28:04.558,
"0bc20601-66f9-4f7f-875a-bac2dadfef1a",KABUPATEN AGAM,b133750e-5b82-493d-82b2-f5b412aac172,2023-05-20 13:28:04.558,2023-05-20 13:28:04.558,
e94fa724-7496-4ca2-b1bf-9092b9540d22,KABUPATEN PELALAWAN,"6bd34b4f-c8d3-4a54-8568-ac72c7a67acd",2023-05-20 13:28:04.559,2023-05-20 13:28:04.559,
"66b08698-789d-4c0d-9a64-87d7eb584ae1",KABUPATEN OGAN KOMERING ULU,cde67e06-2219-4066-9a0a-ad41f2993519,2023-05-20 13:28:04.559,2023-05-20 13:28:04.559,
ecb9131b-f505-4b1f-8f42-77356e988521,KOTA PAGAR ALAM,cde67e06-2219-4066-9a0a-ad41f2993519,2023-05-20 13:28:04.559,2023-05-20 13:28:04.559,
"6051bac1-0e8c-4086-9afe-887c9200e9a5",KABUPATEN PRINGSEWU,"85952827-b8f7-4e5f-84e4-23e4dbb39095",2023-05-20 13:28:04.560,2023-05-20 13:28:04.560,
"9a3c0bcd-fcf2-42c5-8b44-c70d19f16f7c",KABUPATEN SUKABUMI,"78221296-6bc3-4db2-b256-8262f63292c8",2023-05-20 13:28:04.560,2023-05-20 13:28:04.560,
"8700e9e4-8575-4c68-82ad-acfbe29b3081",KABUPATEN CIREBON,"78221296-6bc3-4db2-b256-8262f63292c8",2023-05-20 13:28:04.560,2023-05-20 13:28:04.560,
bee2e047-5142-4977-98d3-a04236f08da0,KABUPATEN WONOSOBO,"7e5be2c1-0f4c-43a8-bbd6-a4a9578ad86f",2023-05-20 13:28:04.560,2023-05-20 13:28:04.560,
"447d0a23-ad3e-44ce-9963-da4423d485c9",KABUPATEN SEMARANG,"7e5be2c1-0f4c-43a8-bbd6-a4a9578ad86f",2023-05-20 13:28:04.560,2023-05-20 13:28:04.560,
"49d6a1b1-c60a-48ca-a02d-d5f08e8f8625",KOTA SEMARANG,"7e5be2c1-0f4c-43a8-bbd6-a4a9578ad86f",2023-05-20 13:28:04.560,2023-05-20 13:28:04.560,
"07cab052-b535-4e43-9769-234675598db0",KABUPATEN LUMAJANG,"3fae611e-ec56-4648-95f6-23238d4495a9",2023-05-20 13:28:04.561,2023-05-20 13:28:04.561,
e96ca799-fa2b-4535-8c2b-b9aed4551b32,KABUPATEN NGANJUK,"3fae611e-ec56-4648-95f6-23238d4495a9",2023-05-20 13:28:04.561,2023-05-20 13:28:04.561,
"9955b32a-1375-48b0-b1fa-064225846f0d",KOTA TANGERANG SELATAN,"1446117a-23d8-4dc2-8d12-aac769a7985f",2023-05-20 13:28:04.561,2023-05-20 13:28:04.561,
"1fcbbd73-6a6e-407a-b5b6-337069958dea",KABUPATEN LOMBOK TIMUR,"36d3e1a6-e4b3-48c4-bb11-e5682bd648a2",2023-05-20 13:28:04.561,2023-05-20 13:28:04.561,
"576d262c-567a-4b8a-aeea-3b366371338e",KABUPATEN LANDAK,"05330eef-7b2a-4f18-968b-bc61e771288a",2023-05-20 13:28:04.561,2023-05-20 13:28:04.561,
"16f34a3f-e508-49c9-afc5-1dee3ff7a02d",KABUPATEN BARITO UTARA,"2c5eafd4-8233-4007-abf2-8458740e88ed",2023-05-20 13:28:04.562,2023-05-20 13:28:04.562,
"2c0f4bb1-e2f4-4cb1-b9ea-4da3fb800e8b",KABUPATEN TABALONG,"99766d98-aaa6-4b05-81c5-7a14526cf841",2023-05-20 13:28:04.562,2023-05-20 13:28:04.562,
d0a19c91-3df7-42bc-b4b9-e4cefe521742,KOTA BALIKPAPAN,f02859b8-f14e-4bfc-aff5-1d382bf8895a,2023-05-20 13:28:04.562,2023-05-20 13:28:04.562,
"3f668732-6eb7-4e8d-93ec-92cfca03da4b",KOTA TOMOHON,"1d6ad3f7-6814-44ed-8b53-9332c6619a56",2023-05-20 13:28:04.563,2023-05-20 13:28:04.563,
"575676cb-9cfa-4abf-b390-ab198cf85e1e",KOTA PALU,"70417f0f-bd0e-49df-b214-bf187224f39d",2023-05-20 13:28:04.563,2023-05-20 13:28:04.563,
"0040eae8-c2af-4015-81fa-e7b8d58e1a09",KOTA PAREPARE,"71304a13-6946-4adc-92d8-cb2e8c82681f",2023-05-20 13:28:04.564,2023-05-20 13:28:04.564,
"80e3e64d-c946-4e4f-9472-e7afbb230b97",KABUPATEN BUTON TENGAH,be6df817-af8d-4f1d-981c-9c3b6d912519,2023-05-20 13:28:04.565,2023-05-20 13:28:04.565,
"869a45cb-5b80-4ab2-a989-0021a90e4b3c",KABUPATEN MAMUJU UTARA,"23426b79-3b71-4633-bea0-a8ae70044d90",2023-05-20 13:28:04.565,2023-05-20 13:28:04.565,
"2f9e2e7a-7984-4b79-8131-5e4ffa7c2f91",KABUPATEN KEPULAUAN SULA,"3655023f-8133-412f-9007-40c4aa1e3cdc",2023-05-20 13:28:04.566,2023-05-20 13:28:04.566,
"422bc23a-fb53-475e-a1fd-c73f0d899122",KABUPATEN MANOKWARI SELATAN,"09a3bc93-3e36-4988-ac10-8c8696300ab5",2023-05-20 13:28:04.567,2023-05-20 13:28:04.567,
b2bb5197-ec14-47bd-b191-2f373f743fb6,KABUPATEN MAMBERAMO TENGAH,"6506b8a4-1001-46dc-b1d8-489c6dc06ab9",2023-05-20 13:28:04.567,2023-05-20 13:28:04.567,
ebeaf1c3-37d9-4d38-9d68-c1b9c2612299,KABUPATEN PASAMAN,b133750e-5b82-493d-82b2-f5b412aac172,2023-05-20 13:28:04.558,2023-05-20 13:28:04.558,
"9216919d-a237-4124-8067-b8d45c59aec3",KABUPATEN DHARMASRAYA,b133750e-5b82-493d-82b2-f5b412aac172,2023-05-20 13:28:04.559,2023-05-20 13:28:04.559,
e8593acc-65f7-4130-aaeb-1d66467d1694,KABUPATEN BUNGO,aa311732-dfc7-47c0-ad02-9b3a1690b2a3,2023-05-20 13:28:04.559,2023-05-20 13:28:04.559,
a5320fea-3c2c-4443-af92-976a6bce0b04,KABUPATEN OGAN KOMERING ULU TIMUR,cde67e06-2219-4066-9a0a-ad41f2993519,2023-05-20 13:28:04.559,2023-05-20 13:28:04.559,
e16ec758-33d7-4fa5-a6ab-d164d8d28fcd,KABUPATEN REJANG LEBONG,"0b87e142-e732-44f3-a550-f9e07c635aea",2023-05-20 13:28:04.559,2023-05-20 13:28:04.559,
"97d978e9-7ddc-404d-986b-707c049f04be",KOTA BENGKULU,"0b87e142-e732-44f3-a550-f9e07c635aea",2023-05-20 13:28:04.560,2023-05-20 13:28:04.560,
"1f873fcd-79d5-4d58-a1eb-ba4b4d5cdafe",KABUPATEN KARIMUN,b3a8deb6-d7d0-4d00-9b8d-e59cb874c73d,2023-05-20 13:28:04.560,2023-05-20 13:28:04.560,
e72e0c2e-6091-4ead-8411-e8950380ab89,KABUPATEN CIANJUR,"78221296-6bc3-4db2-b256-8262f63292c8",2023-05-20 13:28:04.560,2023-05-20 13:28:04.560,
"5decf15c-249d-485b-a062-d1ae9bd67720",KOTA TANJUNG PINANG,b3a8deb6-d7d0-4d00-9b8d-e59cb874c73d,2023-05-20 13:28:04.560,2023-05-20 13:28:04.560,
"971090b1-80b7-418c-bed7-bda1f0174532",KABUPATEN BANJARNEGARA,"7e5be2c1-0f4c-43a8-bbd6-a4a9578ad86f",2023-05-20 13:28:04.560,2023-05-20 13:28:04.560,
"0776355f-d189-4abc-a3f0-cd59f67447c7",KABUPATEN KENDAL,"7e5be2c1-0f4c-43a8-bbd6-a4a9578ad86f",2023-05-20 13:28:04.560,2023-05-20 13:28:04.560,
"78199447-83c8-462d-b68a-3f1b5a5ddc06",KABUPATEN PACITAN,"3fae611e-ec56-4648-95f6-23238d4495a9",2023-05-20 13:28:04.560,2023-05-20 13:28:04.560,
d6b99a39-ec6e-4fc2-832e-714585e60d8c,KABUPATEN BOJONEGORO,"3fae611e-ec56-4648-95f6-23238d4495a9",2023-05-20 13:28:04.561,2023-05-20 13:28:04.561,
dd6ad985-275b-4131-8a61-8885f4409621,KOTA PROBOLINGGO,"3fae611e-ec56-4648-95f6-23238d4495a9",2023-05-20 13:28:04.561,2023-05-20 13:28:04.561,
"1b9291b7-7e05-4de6-b7f0-36594ba95045",KABUPATEN KLUNGKUNG,"62b0f3ca-8ce0-4a7f-9710-5cd52da19e35",2023-05-20 13:28:04.561,2023-05-20 13:28:04.561,
a60c5518-3df5-4457-9165-25f15dda34a8,KABUPATEN SUMBA BARAT,b5c65e64-ab03-4371-a13e-9baa4be2e694,2023-05-20 13:28:04.561,2023-05-20 13:28:04.561,
"4053b414-ab87-4724-bcbf-cfd7a989b0f0",KABUPATEN SABU RAIJUA,b5c65e64-ab03-4371-a13e-9baa4be2e694,2023-05-20 13:28:04.561,2023-05-20 13:28:04.561,
"6e29aead-3da6-48db-8b46-ed94b7b1c7cc",KOTA SINGKAWANG,"05330eef-7b2a-4f18-968b-bc61e771288a",2023-05-20 13:28:04.562,2023-05-20 13:28:04.562,
"388ff9b2-4496-4e91-9e3c-b05be5431c7b",KABUPATEN KAYONG UTARA,"05330eef-7b2a-4f18-968b-bc61e771288a",2023-05-20 13:28:04.562,2023-05-20 13:28:04.562,
c063ece4-7bde-4010-93b9-04b089267ea4,KABUPATEN PENAJAM PASER UTARA,f02859b8-f14e-4bfc-aff5-1d382bf8895a,2023-05-20 13:28:04.562,2023-05-20 13:28:04.562,
"88745039-2182-4922-9fb3-a5a2c4ec5ffc",KABUPATEN BOLAANG MONGONDOW UTARA,"1d6ad3f7-6814-44ed-8b53-9332c6619a56",2023-05-20 13:28:04.563,2023-05-20 13:28:04.563,
f553a637-40b6-48e6-937b-3172b7032bb4,KABUPATEN TOJO UNA-UNA,"70417f0f-bd0e-49df-b214-bf187224f39d",2023-05-20 13:28:04.563,2023-05-20 13:28:04.563,
e26779e0-46a9-4972-a923-dfe2a264a4cf,KABUPATEN GOWA,"71304a13-6946-4adc-92d8-cb2e8c82681f",2023-05-20 13:28:04.563,2023-05-20 13:28:04.563,
"4bb3346a-a86e-49f5-a410-b432cb264f08",KABUPATEN KONAWE,be6df817-af8d-4f1d-981c-9c3b6d912519,2023-05-20 13:28:04.564,2023-05-20 13:28:04.564,
ad962181-b215-41c3-ac34-2f168bad4f89,KABUPATEN POHUWATO,"28662011-c388-4007-b8ea-4afbbc967893",2023-05-20 13:28:04.565,2023-05-20 13:28:04.565,
"4ecdbe8e-e9fe-4242-830f-9b6bf80bf8bc",KABUPATEN MALUKU TENGGARA,"6154d5f7-d932-478b-81af-da77f8351e0e",2023-05-20 13:28:04.565,2023-05-20 13:28:04.565,
bfdca4bf-ba49-4e41-9155-f5cbe08ea035,KOTA TERNATE,"3655023f-8133-412f-9007-40c4aa1e3cdc",2023-05-20 13:28:04.566,2023-05-20 13:28:04.566,
"1ac339f7-50e6-468e-9800-534b1d3f046e",KABUPATEN ASMAT,"6506b8a4-1001-46dc-b1d8-489c6dc06ab9",2023-05-20 13:28:04.567,2023-05-20 13:28:04.567,
c92a54c4-edb0-4b4b-9833-5aae72575c86,KABUPATEN SOLOK,b133750e-5b82-493d-82b2-f5b412aac172,2023-05-20 13:28:04.558,2023-05-20 13:28:04.558,
"044cdb24-aaee-43b8-881e-e88b4962f0e6",KOTA PAYAKUMBUH,b133750e-5b82-493d-82b2-f5b412aac172,2023-05-20 13:28:04.559,2023-05-20 13:28:04.559,
af5024cb-9b85-44fe-a02b-9e0bacc8a94a,KABUPATEN TEBO,aa311732-dfc7-47c0-ad02-9b3a1690b2a3,2023-05-20 13:28:04.559,2023-05-20 13:28:04.559,
"78d818df-c879-4022-9ec8-7549acb81496",KOTA PALEMBANG,cde67e06-2219-4066-9a0a-ad41f2993519,2023-05-20 13:28:04.559,2023-05-20 13:28:04.559,
d68f6cdf-c54f-4b9f-a386-fdd20e4b8df0,KABUPATEN LEBONG,"0b87e142-e732-44f3-a550-f9e07c635aea",2023-05-20 13:28:04.559,2023-05-20 13:28:04.559,
"6d0a0a25-95d9-4c08-b525-1eaf6c985ba7",KABUPATEN LAMPUNG BARAT,"85952827-b8f7-4e5f-84e4-23e4dbb39095",2023-05-20 13:28:04.559,2023-05-20 13:28:04.559,
"80d8141b-f6b0-4fc8-8e5d-81b1cfda0f12",KOTA METRO,"85952827-b8f7-4e5f-84e4-23e4dbb39095",2023-05-20 13:28:04.560,2023-05-20 13:28:04.560,
"5d6253a9-25fb-4436-9e28-402197620a77",KOTA JAKARTA UTARA,"62af8b00-366b-4d16-819c-5e09f7680e98",2023-05-20 13:28:04.560,2023-05-20 13:28:04.560,
"1b94b925-69a6-444f-86e4-3d04db29fcd6",KABUPATEN BEKASI,"78221296-6bc3-4db2-b256-8262f63292c8",2023-05-20 13:28:04.560,2023-05-20 13:28:04.560,
"16d91d85-2c15-44e8-8e3b-c580ca4c3702",KABUPATEN KEBUMEN,"7e5be2c1-0f4c-43a8-bbd6-a4a9578ad86f",2023-05-20 13:28:04.560,2023-05-20 13:28:04.560,
e56cd382-6a41-4431-b536-cc1e0dd0cd95,KABUPATEN PATI,"7e5be2c1-0f4c-43a8-bbd6-a4a9578ad86f",2023-05-20 13:28:04.560,2023-05-20 13:28:04.560,
"7a00bc46-8667-4501-9ff4-04681a508ce5",KABUPATEN SLEMAN,a10e065c-91f5-4b58-bb9c-230ebb24d9f2,2023-05-20 13:28:04.560,2023-05-20 13:28:04.560,
"51495cfa-424b-4b1e-a3ca-2367c3b4eff2",KABUPATEN KEDIRI,"3fae611e-ec56-4648-95f6-23238d4495a9",2023-05-20 13:28:04.561,2023-05-20 13:28:04.561,
ba73b47d-5ae2-4362-8b95-11e6c1ac8647,KOTA BLITAR,"3fae611e-ec56-4648-95f6-23238d4495a9",2023-05-20 13:28:04.561,2023-05-20 13:28:04.561,
"69fec50e-ec46-47da-aeaf-a470f25bbe09",KABUPATEN GIANYAR,"62b0f3ca-8ce0-4a7f-9710-5cd52da19e35",2023-05-20 13:28:04.561,2023-05-20 13:28:04.561,
d9589502-081f-47ac-b2b3-bd371736102c,KABUPATEN LOMBOK UTARA,"36d3e1a6-e4b3-48c4-bb11-e5682bd648a2",2023-05-20 13:28:04.561,2023-05-20 13:28:04.561,
e47c00c3-83b6-4db1-835f-eba853bfdf0f,KABUPATEN MANGGARAI BARAT,b5c65e64-ab03-4371-a13e-9baa4be2e694,2023-05-20 13:28:04.561,2023-05-20 13:28:04.561,
e95b318b-247d-4975-8a2e-686033d28be8,KOTA KUPANG,b5c65e64-ab03-4371-a13e-9baa4be2e694,2023-05-20 13:28:04.562,2023-05-20 13:28:04.562,
"75c2e1db-aefb-47a2-97c3-3e3defb5125f",KABUPATEN SINTANG,"05330eef-7b2a-4f18-968b-bc61e771288a",2023-05-20 13:28:04.562,2023-05-20 13:28:04.562,
be025d43-90f1-4ebb-88e3-d9eeec967578,KABUPATEN BARITO KUALA,"99766d98-aaa6-4b05-81c5-7a14526cf841",2023-05-20 13:28:04.562,2023-05-20 13:28:04.562,
a8adcbc7-18a5-48d2-8a7a-8078f282de89,KABUPATEN MINAHASA,"1d6ad3f7-6814-44ed-8b53-9332c6619a56",2023-05-20 13:28:04.563,2023-05-20 13:28:04.563,
"58161c06-3498-4018-9bff-3970d779e66d",KOTA BITUNG,"1d6ad3f7-6814-44ed-8b53-9332c6619a56",2023-05-20 13:28:04.563,2023-05-20 13:28:04.563,
"68776683-9271-454a-9e10-1447fc472aef",KABUPATEN TAKALAR,"71304a13-6946-4adc-92d8-cb2e8c82681f",2023-05-20 13:28:04.563,2023-05-20 13:28:04.563,
fef1002b-dabe-48a2-93ed-135b999c537a,KABUPATEN TORAJA UTARA,"71304a13-6946-4adc-92d8-cb2e8c82681f",2023-05-20 13:28:04.564,2023-05-20 13:28:04.564,
"6a9bbac4-f9aa-421c-a5a7-171c8e5766de",KOTA KENDARI,be6df817-af8d-4f1d-981c-9c3b6d912519,2023-05-20 13:28:04.565,2023-05-20 13:28:04.565,
"2124a53f-e105-4010-9c09-89619123243d",KABUPATEN BURU,"6154d5f7-d932-478b-81af-da77f8351e0e",2023-05-20 13:28:04.565,2023-05-20 13:28:04.565,
"44de90b4-df69-43b4-bfab-8d4a85b70855",KABUPATEN FAKFAK,"09a3bc93-3e36-4988-ac10-8c8696300ab5",2023-05-20 13:28:04.566,2023-05-20 13:28:04.566,
e44086b5-fa1f-4021-8583-a8b035de02ad,KABUPATEN PUNCAK JAYA,"6506b8a4-1001-46dc-b1d8-489c6dc06ab9",2023-05-20 13:28:04.567,2023-05-20 13:28:04.567,
b6129439-ba98-4e1e-83e4-2e9985e1ac04,KABUPATEN LANNY JAYA,"6506b8a4-1001-46dc-b1d8-489c6dc06ab9",2023-05-20 13:28:04.568,2023-05-20 13:28:04.568,
"1874fd08-65d0-49eb-8a9d-a706a8ab1377",KABUPATEN SOLOK SELATAN,b133750e-5b82-493d-82b2-f5b412aac172,2023-05-20 13:28:04.558,2023-05-20 13:28:04.558,
"39c93a14-1da2-44a5-b088-2147c3f3c905",KABUPATEN ROKAN HILIR,"6bd34b4f-c8d3-4a54-8568-ac72c7a67acd",2023-05-20 13:28:04.559,2023-05-20 13:28:04.559,
f1b1fc1b-a95f-43dd-9f3f-9660f5033916,KABUPATEN MERANGIN,aa311732-dfc7-47c0-ad02-9b3a1690b2a3,2023-05-20 13:28:04.559,2023-05-20 13:28:04.559,
dfbfcff2-ff4c-45e4-9575-e4ed04f16820,KOTA PRABUMULIH,cde67e06-2219-4066-9a0a-ad41f2993519,2023-05-20 13:28:04.559,2023-05-20 13:28:04.559,
"8760d155-5b0a-4646-aea0-ab8c18500134",KABUPATEN KEPAHIANG,"0b87e142-e732-44f3-a550-f9e07c635aea",2023-05-20 13:28:04.559,2023-05-20 13:28:04.559,
"09f2e4f9-cd07-4fc5-b4e6-ff5dc5721d51",KABUPATEN LAMPUNG UTARA,"85952827-b8f7-4e5f-84e4-23e4dbb39095",2023-05-20 13:28:04.560,2023-05-20 13:28:04.560,
"3f5fdcc1-0524-4463-9395-5f3c99b6ebd8",KABUPATEN BELITUNG TIMUR,d98d7b4f-becd-4289-8da9-0a6059a1dc0d,2023-05-20 13:28:04.560,2023-05-20 13:28:04.560,
"5d546642-bfc2-465f-acc0-3f438c759ee0",KABUPATEN KUNINGAN,"78221296-6bc3-4db2-b256-8262f63292c8",2023-05-20 13:28:04.560,2023-05-20 13:28:04.560,
d295303f-3f9f-4288-8a97-e608928fbcb6,KOTA CIMAHI,"78221296-6bc3-4db2-b256-8262f63292c8",2023-05-20 13:28:04.560,2023-05-20 13:28:04.560,
"81816a85-c406-4d78-bfed-c8a0f7ebeb30",KABUPATEN BLORA,"7e5be2c1-0f4c-43a8-bbd6-a4a9578ad86f",2023-05-20 13:28:04.560,2023-05-20 13:28:04.560,
c131d4b0-8a33-4644-a0e5-3a36578a32d0,KABUPATEN BREBES,"7e5be2c1-0f4c-43a8-bbd6-a4a9578ad86f",2023-05-20 13:28:04.560,2023-05-20 13:28:04.560,
"9de2a44b-c6b1-4582-aeae-d84f1386da0f",KABUPATEN TULUNGAGUNG,"3fae611e-ec56-4648-95f6-23238d4495a9",2023-05-20 13:28:04.560,2023-05-20 13:28:04.560,
"24b7112d-f841-46b0-9b83-82d00a1a0735",KABUPATEN LAMONGAN,"3fae611e-ec56-4648-95f6-23238d4495a9",2023-05-20 13:28:04.561,2023-05-20 13:28:04.561,
cd5828fb-853e-4256-842e-7ab30579f977,KABUPATEN SERANG,"1446117a-23d8-4dc2-8d12-aac769a7985f",2023-05-20 13:28:04.561,2023-05-20 13:28:04.561,
a8cb8efe-9e82-488b-8600-a71439e557bc,KOTA MATARAM,"36d3e1a6-e4b3-48c4-bb11-e5682bd648a2",2023-05-20 13:28:04.561,2023-05-20 13:28:04.561,
bacd5397-d7b9-4d8c-ad8d-f2d69cf15ccd,KABUPATEN NGADA,b5c65e64-ab03-4371-a13e-9baa4be2e694,2023-05-20 13:28:04.561,2023-05-20 13:28:04.561,
"1f81c883-55af-43a7-aa89-7e8e63e8179b",KABUPATEN MELAWI,"05330eef-7b2a-4f18-968b-bc61e771288a",2023-05-20 13:28:04.562,2023-05-20 13:28:04.562,
ef72445d-99da-465f-a15b-b75d8b224813,KABUPATEN BARITO TIMUR,"2c5eafd4-8233-4007-abf2-8458740e88ed",2023-05-20 13:28:04.562,2023-05-20 13:28:04.562,
b58420ac-6ab9-414f-89d0-34cd9eb1433e,KABUPATEN HULU SUNGAI UTARA,"99766d98-aaa6-4b05-81c5-7a14526cf841",2023-05-20 13:28:04.562,2023-05-20 13:28:04.562,
"848184e7-5456-4ed9-bf02-5d9119e9a424",KABUPATEN MALINAU,d1d5dc5f-f0de-43d2-ad06-9dbb6ae6953b,2023-05-20 13:28:04.563,2023-05-20 13:28:04.563,
"49cfe18c-bb54-406f-b765-75bdd026d959",KOTA KOTAMOBAGU,"1d6ad3f7-6814-44ed-8b53-9332c6619a56",2023-05-20 13:28:04.563,2023-05-20 13:28:04.563,
"1104b2ed-9718-4e73-bd66-b56fd27c92cd",KABUPATEN PANGKAJENE DAN KEPULAUAN,"71304a13-6946-4adc-92d8-cb2e8c82681f",2023-05-20 13:28:04.563,2023-05-20 13:28:04.563,
cc4b28f4-6e6e-4a6a-bc05-d34371524cca,KOTA MAKASSAR,"71304a13-6946-4adc-92d8-cb2e8c82681f",2023-05-20 13:28:04.564,2023-05-20 13:28:04.564,
"7c3bda63-153d-479e-a218-8e1275200626",KABUPATEN KOLAKA UTARA,be6df817-af8d-4f1d-981c-9c3b6d912519,2023-05-20 13:28:04.565,2023-05-20 13:28:04.565,
e55860b0-5398-4e61-b517-c1c7654372fc,KABUPATEN MALUKU TENGAH,"6154d5f7-d932-478b-81af-da77f8351e0e",2023-05-20 13:28:04.565,2023-05-20 13:28:04.565,
"59474e03-444d-4753-8d49-2d7a916bda9f",KABUPATEN PULAU MOROTAI,"3655023f-8133-412f-9007-40c4aa1e3cdc",2023-05-20 13:28:04.566,2023-05-20 13:28:04.566,
ac20feae-12d6-4681-9540-eed790d995b1,KABUPATEN BIAK NUMFOR,"6506b8a4-1001-46dc-b1d8-489c6dc06ab9",2023-05-20 13:28:04.567,2023-05-20 13:28:04.567,
ab23457b-cc85-4c09-9204-4490d9f9b80f,KABUPATEN TOLIKARA,"6506b8a4-1001-46dc-b1d8-489c6dc06ab9",2023-05-20 13:28:04.568,2023-05-20 13:28:04.568,
"3ef914ca-bb19-4eab-9dae-24168f88c066",KABUPATEN DELI SERDANG,d2ff9353-0620-41b8-a32f-0723879273b2,2023-05-20 13:28:04.558,2023-05-20 13:28:04.558,
"4f7bf638-150a-4dd9-92fc-c191f460fc64",KABUPATEN S I A K,"6bd34b4f-c8d3-4a54-8568-ac72c7a67acd",2023-05-20 13:28:04.559,2023-05-20 13:28:04.559,
"9170728c-1ce2-4145-b8d0-db09c529573b",KABUPATEN MUARA ENIM,cde67e06-2219-4066-9a0a-ad41f2993519,2023-05-20 13:28:04.559,2023-05-20 13:28:04.559,
"7aef90c8-82b6-49bb-8206-53de8ff527f9",KABUPATEN MUSI RAWAS UTARA,cde67e06-2219-4066-9a0a-ad41f2993519,2023-05-20 13:28:04.559,2023-05-20 13:28:04.559,
"266e0dfe-5649-41c8-b9b5-716403ae8cb4",KOTA PANGKAL PINANG,d98d7b4f-becd-4289-8da9-0a6059a1dc0d,2023-05-20 13:28:04.560,2023-05-20 13:28:04.560,
"1becef64-1969-41e4-9752-5c1e137dbe23",KABUPATEN BANGKA,d98d7b4f-becd-4289-8da9-0a6059a1dc0d,2023-05-20 13:28:04.560,2023-05-20 13:28:04.560,
"6e42abeb-3f45-40e3-9a40-ec66d4ce69e4",KABUPATEN PANGANDARAN,"78221296-6bc3-4db2-b256-8262f63292c8",2023-05-20 13:28:04.560,2023-05-20 13:28:04.560,
"9219eb05-7c20-40fc-950e-2d14661d3572",KABUPATEN SUKOHARJO,"7e5be2c1-0f4c-43a8-bbd6-a4a9578ad86f",2023-05-20 13:28:04.560,2023-05-20 13:28:04.560,
c163bfe6-ab30-4349-951f-a5fb735e3c5e,KABUPATEN BATANG,"7e5be2c1-0f4c-43a8-bbd6-a4a9578ad86f",2023-05-20 13:28:04.560,2023-05-20 13:28:04.560,
"61e25b66-0dd1-4467-ad9f-8d1eb9439058",KABUPATEN TRENGGALEK,"3fae611e-ec56-4648-95f6-23238d4495a9",2023-05-20 13:28:04.560,2023-05-20 13:28:04.560,
"8fa9c9de-163c-4a80-b0ab-120ea90765fb",KABUPATEN PASURUAN,"3fae611e-ec56-4648-95f6-23238d4495a9",2023-05-20 13:28:04.561,2023-05-20 13:28:04.561,
b2204789-d055-4d78-9da7-6a9029404dd8,KOTA MALANG,"3fae611e-ec56-4648-95f6-23238d4495a9",2023-05-20 13:28:04.561,2023-05-20 13:28:04.561,
"3ceff19e-f506-4497-9380-6a7386110610",KABUPATEN DOMPU,"36d3e1a6-e4b3-48c4-bb11-e5682bd648a2",2023-05-20 13:28:04.561,2023-05-20 13:28:04.561,
f8260a24-084f-4f91-b6a2-1f3cb326eb45,KABUPATEN TIMOR TENGAH UTARA,b5c65e64-ab03-4371-a13e-9baa4be2e694,2023-05-20 13:28:04.561,2023-05-20 13:28:04.561,
"184584bd-6a1e-4252-ac76-3b99b03506d3",KABUPATEN MANGGARAI,b5c65e64-ab03-4371-a13e-9baa4be2e694,2023-05-20 13:28:04.561,2023-05-20 13:28:04.561,
"1f2ad667-26d3-40fd-aa44-f9dc37e98868",KABUPATEN KETAPANG,"05330eef-7b2a-4f18-968b-bc61e771288a",2023-05-20 13:28:04.562,2023-05-20 13:28:04.562,
"75f14600-3c88-4d46-a953-1f537de600b3",KABUPATEN TAPIN,"99766d98-aaa6-4b05-81c5-7a14526cf841",2023-05-20 13:28:04.562,2023-05-20 13:28:04.562,
c75a5c1f-f369-42e9-a452-65f889127a46,KABUPATEN KUTAI BARAT,f02859b8-f14e-4bfc-aff5-1d382bf8895a,2023-05-20 13:28:04.562,2023-05-20 13:28:04.562,
"725c6c94-016f-46c7-b065-5bfd4bd7a616",KABUPATEN BOLAANG MONGONDOW TIMUR,"1d6ad3f7-6814-44ed-8b53-9332c6619a56",2023-05-20 13:28:04.563,2023-05-20 13:28:04.563,
"94d843ed-a852-4604-8f08-49ee4ab2682c",KABUPATEN BUOL,"70417f0f-bd0e-49df-b214-bf187224f39d",2023-05-20 13:28:04.563,2023-05-20 13:28:04.563,
bd7e77d2-8c88-4002-968b-162883c0a8a6,KABUPATEN LUWU,"71304a13-6946-4adc-92d8-cb2e8c82681f",2023-05-20 13:28:04.564,2023-05-20 13:28:04.564,
"725fbec0-4eb4-4162-a6e2-ce183ed8e00e",KABUPATEN KONAWE SELATAN,be6df817-af8d-4f1d-981c-9c3b6d912519,2023-05-20 13:28:04.565,2023-05-20 13:28:04.565,
"218fdd02-62ca-47e3-a201-5330302afb95",KABUPATEN MAJENE,"23426b79-3b71-4633-bea0-a8ae70044d90",2023-05-20 13:28:04.565,2023-05-20 13:28:04.565,
df92ac21-898e-46c9-90ec-bf65d4a45d4a,KABUPATEN HALMAHERA BARAT,"3655023f-8133-412f-9007-40c4aa1e3cdc",2023-05-20 13:28:04.566,2023-05-20 13:28:04.566,
fa70c953-c503-4da6-bb71-6aea51d0a0a8,KABUPATEN SORONG SELATAN,"09a3bc93-3e36-4988-ac10-8c8696300ab5",2023-05-20 13:28:04.566,2023-05-20 13:28:04.566,
"296965d1-d513-4e7d-9829-e12e3f330d2a",KABUPATEN PEGUNUNGAN BINTANG,"6506b8a4-1001-46dc-b1d8-489c6dc06ab9",2023-05-20 13:28:04.567,2023-05-20 13:28:04.567,
"0b3faf47-65d9-48cc-a286-be523153ded9",KABUPATEN DOGIYAI,"6506b8a4-1001-46dc-b1d8-489c6dc06ab9",2023-05-20 13:28:04.568,2023-05-20 13:28:04.568,
"17e5ccb1-eeed-43f6-aed9-4fd5c551d4bf",KABUPATEN PESISIR SELATAN,b133750e-5b82-493d-82b2-f5b412aac172,2023-05-20 13:28:04.558,2023-05-20 13:28:04.558,
"3af4f938-77c4-4a14-adf3-5125e5bcc199",KABUPATEN ROKAN HULU,"6bd34b4f-c8d3-4a54-8568-ac72c7a67acd",2023-05-20 13:28:04.559,2023-05-20 13:28:04.559,
"829cab9c-d11d-42f0-a2f1-e85b8ba5ebf4",KABUPATEN LAHAT,cde67e06-2219-4066-9a0a-ad41f2993519,2023-05-20 13:28:04.559,2023-05-20 13:28:04.559,
ab5e612c-7d43-4756-9cb1-ce6da2312454,KABUPATEN BENGKULU UTARA,"0b87e142-e732-44f3-a550-f9e07c635aea",2023-05-20 13:28:04.559,2023-05-20 13:28:04.559,
c9cf0843-76d5-4f0f-a996-08eba0e86591,KABUPATEN BENGKULU TENGAH,"0b87e142-e732-44f3-a550-f9e07c635aea",2023-05-20 13:28:04.559,2023-05-20 13:28:04.559,
e5f391a7-4fbb-445f-84e8-8aec992e4048,KOTA BANDAR LAMPUNG,"85952827-b8f7-4e5f-84e4-23e4dbb39095",2023-05-20 13:28:04.560,2023-05-20 13:28:04.560,
"275fc699-7b24-453b-8fea-4191e4be2d37",KOTA JAKARTA PUSAT,"62af8b00-366b-4d16-819c-5e09f7680e98",2023-05-20 13:28:04.560,2023-05-20 13:28:04.560,
"7664ecbd-f339-4ced-ae77-633176a05a4c",KABUPATEN SUBANG,"78221296-6bc3-4db2-b256-8262f63292c8",2023-05-20 13:28:04.560,2023-05-20 13:28:04.560,
"7dc8d52c-e18e-4015-8f5b-5c440faa5dd9",KABUPATEN PURBALINGGA,"7e5be2c1-0f4c-43a8-bbd6-a4a9578ad86f",2023-05-20 13:28:04.560,2023-05-20 13:28:04.560,
"8dcd5e2a-b45c-4c89-afcd-fe871a969ae6",KABUPATEN GROBOGAN,"7e5be2c1-0f4c-43a8-bbd6-a4a9578ad86f",2023-05-20 13:28:04.560,2023-05-20 13:28:04.560,
"35d7fe45-7353-4838-bbd4-4d1b661d2de5",KABUPATEN TEGAL,"7e5be2c1-0f4c-43a8-bbd6-a4a9578ad86f",2023-05-20 13:28:04.560,2023-05-20 13:28:04.560,
"0379a2c5-c859-4201-8942-91cafcd7a9dd",KABUPATEN MOJOKERTO,"3fae611e-ec56-4648-95f6-23238d4495a9",2023-05-20 13:28:04.561,2023-05-20 13:28:04.561,
a5503d5d-8d0d-46c9-93a1-4540ec114bbb,KOTA BATU,"3fae611e-ec56-4648-95f6-23238d4495a9",2023-05-20 13:28:04.561,2023-05-20 13:28:04.561,
"9b232f3f-d439-4245-8138-05a574342853",KABUPATEN KARANG ASEM,"62b0f3ca-8ce0-4a7f-9710-5cd52da19e35",2023-05-20 13:28:04.561,2023-05-20 13:28:04.561,
cd7333a1-16d0-4cc7-a2dd-df5cfa657a69,KABUPATEN SUMBA TIMUR,b5c65e64-ab03-4371-a13e-9baa4be2e694,2023-05-20 13:28:04.561,2023-05-20 13:28:04.561,
"63499960-257e-43f9-ab4f-f8f1e851efe1",KABUPATEN BENGKAYANG,"05330eef-7b2a-4f18-968b-bc61e771288a",2023-05-20 13:28:04.561,2023-05-20 13:28:04.561,
"52b98b9e-f99a-427c-9d4b-01d1bdf6a507",KABUPATEN KATINGAN,"2c5eafd4-8233-4007-abf2-8458740e88ed",2023-05-20 13:28:04.562,2023-05-20 13:28:04.562,
"4e94cab9-2d64-40eb-ba2f-38391941167e",KABUPATEN HULU SUNGAI TENGAH,"99766d98-aaa6-4b05-81c5-7a14526cf841",2023-05-20 13:28:04.562,2023-05-20 13:28:04.562,
"614f94c1-1d2a-4961-9187-ce9c4e7b65d6",KOTA BONTANG,f02859b8-f14e-4bfc-aff5-1d382bf8895a,2023-05-20 13:28:04.563,2023-05-20 13:28:04.563,
"42cafce3-8d42-41e5-80c1-487c54496802",KABUPATEN BOLAANG MONGONDOW SELATAN,"1d6ad3f7-6814-44ed-8b53-9332c6619a56",2023-05-20 13:28:04.563,2023-05-20 13:28:04.563,
"2eaee5c5-e7f0-41c4-a531-846130a20540",KABUPATEN MAROS,"71304a13-6946-4adc-92d8-cb2e8c82681f",2023-05-20 13:28:04.563,2023-05-20 13:28:04.563,
aa440a33-9f8b-4379-a41c-148f1e14118c,KABUPATEN JENEPONTO,"71304a13-6946-4adc-92d8-cb2e8c82681f",2023-05-20 13:28:04.564,2023-05-20 13:28:04.564,
"479d76c9-0eeb-4b20-a114-bee1bb18aa5d",KABUPATEN BUTON SELATAN,be6df817-af8d-4f1d-981c-9c3b6d912519,2023-05-20 13:28:04.565,2023-05-20 13:28:04.565,
"7128ba80-7987-4cbe-aa25-dbbe95aa7eb2",KABUPATEN MAMUJU TENGAH,"23426b79-3b71-4633-bea0-a8ae70044d90",2023-05-20 13:28:04.565,2023-05-20 13:28:04.565,
"14c92c65-ecc8-476f-a65c-93fb5cc98dfe",KABUPATEN HALMAHERA TIMUR,"3655023f-8133-412f-9007-40c4aa1e3cdc",2023-05-20 13:28:04.566,2023-05-20 13:28:04.566,
"7cdfeeb0-ff39-42db-adef-946fdf2f91f1",KABUPATEN NABIRE,"6506b8a4-1001-46dc-b1d8-489c6dc06ab9",2023-05-20 13:28:04.567,2023-05-20 13:28:04.567,
"54023d3a-4070-4591-a409-6a8827e9d8fb",KABUPATEN MIMIKA,"6506b8a4-1001-46dc-b1d8-489c6dc06ab9",2023-05-20 13:28:04.568,2023-05-20 13:28:04.568,
"0e2a0396-23e8-4e2c-a302-c5ba72b115df",KABUPATEN PASAMAN BARAT,b133750e-5b82-493d-82b2-f5b412aac172,2023-05-20 13:28:04.558,2023-05-20 13:28:04.558,
"71824a72-9793-45d5-bc2d-a26f998c6dc4",KABUPATEN KEPULAUAN MERANTI,"6bd34b4f-c8d3-4a54-8568-ac72c7a67acd",2023-05-20 13:28:04.559,2023-05-20 13:28:04.559,
"8738d199-470a-4fbf-9907-e4a52498edbd",KABUPATEN MUSI BANYUASIN,cde67e06-2219-4066-9a0a-ad41f2993519,2023-05-20 13:28:04.559,2023-05-20 13:28:04.559,
"1520603b-3a1b-4ca8-8904-848c4dfb1047",KABUPATEN MESUJI,"85952827-b8f7-4e5f-84e4-23e4dbb39095",2023-05-20 13:28:04.560,2023-05-20 13:28:04.560,
"47d68699-ce0c-4b0b-b305-ab7abe5d378e",KABUPATEN BINTAN,b3a8deb6-d7d0-4d00-9b8d-e59cb874c73d,2023-05-20 13:28:04.560,2023-05-20 13:28:04.560,
ac54f526-82db-4c7c-a868-540f2a08aefb,KABUPATEN MAJALENGKA,"78221296-6bc3-4db2-b256-8262f63292c8",2023-05-20 13:28:04.560,2023-05-20 13:28:04.560,
"86acf39a-3ed2-401b-95c9-2382c70f2674",KOTA CIREBON,"78221296-6bc3-4db2-b256-8262f63292c8",2023-05-20 13:28:04.560,2023-05-20 13:28:04.560,
acc2bf95-427f-47b8-8a27-776b67619d5d,KABUPATEN REMBANG,"7e5be2c1-0f4c-43a8-bbd6-a4a9578ad86f",2023-05-20 13:28:04.560,2023-05-20 13:28:04.560,
"3bca2bb2-5ce7-4533-9df3-532544ffc328",KOTA PEKALONGAN,"7e5be2c1-0f4c-43a8-bbd6-a4a9578ad86f",2023-05-20 13:28:04.560,2023-05-20 13:28:04.560,
"0dc8a6fd-028a-48d7-9078-b310925d73d5",KABUPATEN BONDOWOSO,"3fae611e-ec56-4648-95f6-23238d4495a9",2023-05-20 13:28:04.560,2023-05-20 13:28:04.560,
"48c6163a-2002-4878-b535-f61168eb89a9",KABUPATEN BANGKALAN,"3fae611e-ec56-4648-95f6-23238d4495a9",2023-05-20 13:28:04.561,2023-05-20 13:28:04.561,
f8518e9d-e46c-4849-8377-bbfa5c971d49,KOTA SERANG,"1446117a-23d8-4dc2-8d12-aac769a7985f",2023-05-20 13:28:04.561,2023-05-20 13:28:04.561,
"9a8572e2-8461-4023-aeb7-22f9cce0e685",KABUPATEN BULELENG,"62b0f3ca-8ce0-4a7f-9710-5cd52da19e35",2023-05-20 13:28:04.561,2023-05-20 13:28:04.561,
"1d6d9840-adb9-41dd-a201-7ada7e1a0154",KABUPATEN SIKKA,b5c65e64-ab03-4371-a13e-9baa4be2e694,2023-05-20 13:28:04.561,2023-05-20 13:28:04.561,
"9278c184-f571-45ed-871c-e3e5008dc83c",KABUPATEN KAPUAS HULU,"05330eef-7b2a-4f18-968b-bc61e771288a",2023-05-20 13:28:04.562,2023-05-20 13:28:04.562,
c69057cd-eec7-4a98-97af-c456a618666e,KABUPATEN PULANG PISAU,"2c5eafd4-8233-4007-abf2-8458740e88ed",2023-05-20 13:28:04.562,2023-05-20 13:28:04.562,
"054fd852-20b1-4f24-bf53-c434d50f932c",KABUPATEN KUTAI KARTANEGARA,f02859b8-f14e-4bfc-aff5-1d382bf8895a,2023-05-20 13:28:04.562,2023-05-20 13:28:04.562,
"502ce18b-714c-477b-866f-e368c7ccc8b4",KABUPATEN BOLAANG MONGONDOW,"1d6ad3f7-6814-44ed-8b53-9332c6619a56",2023-05-20 13:28:04.563,2023-05-20 13:28:04.563,
afcdc5a4-25f3-4b8b-9419-89f98683678c,KABUPATEN TOLI-TOLI,"70417f0f-bd0e-49df-b214-bf187224f39d",2023-05-20 13:28:04.563,2023-05-20 13:28:04.563,
"1ae12395-e8e8-49f3-836f-839c536ab2c8",KABUPATEN SIDENRENG RAPPANG,"71304a13-6946-4adc-92d8-cb2e8c82681f",2023-05-20 13:28:04.563,2023-05-20 13:28:04.563,
"7770b3e1-3536-44ef-8a2e-4b44adfc9fe3",KABUPATEN BUTON UTARA,be6df817-af8d-4f1d-981c-9c3b6d912519,2023-05-20 13:28:04.565,2023-05-20 13:28:04.565,
"3c9bc9a9-4382-413e-8c05-08f8eab107ba",KABUPATEN POLEWALI MANDAR,"23426b79-3b71-4633-bea0-a8ae70044d90",2023-05-20 13:28:04.565,2023-05-20 13:28:04.565,
"6ec3d315-b51f-4d55-8cef-8156b0a49104",KOTA TUAL,"6154d5f7-d932-478b-81af-da77f8351e0e",2023-05-20 13:28:04.566,2023-05-20 13:28:04.566,
"57b1cd11-439c-475e-a7c8-c34dba9404b6",KABUPATEN SORONG,"09a3bc93-3e36-4988-ac10-8c8696300ab5",2023-05-20 13:28:04.566,2023-05-20 13:28:04.566,
e1ff5df9-c501-47bc-af2f-35208d59bdf3,KABUPATEN SARMI,"6506b8a4-1001-46dc-b1d8-489c6dc06ab9",2023-05-20 13:28:04.567,2023-05-20 13:28:04.567,
"7efb260f-ecb8-4b01-8339-5349b3f96144",KABUPATEN BOVEN DIGOEL,"6506b8a4-1001-46dc-b1d8-489c6dc06ab9",2023-05-20 13:28:04.568,2023-05-20 13:28:04.568,
"6d377833-3c41-4531-b072-eaba461468ff",KOTA PADANG,b133750e-5b82-493d-82b2-f5b412aac172,2023-05-20 13:28:04.558,2023-05-20 13:28:04.558,
"37e105fa-76d4-492a-b01c-cad3d7f4d3ed",KABUPATEN KERINCI,aa311732-dfc7-47c0-ad02-9b3a1690b2a3,2023-05-20 13:28:04.559,2023-05-20 13:28:04.559,
"6bb8b0c1-ef5a-4beb-a87a-d434be0ce093",KABUPATEN OGAN KOMERING ILIR,cde67e06-2219-4066-9a0a-ad41f2993519,2023-05-20 13:28:04.559,2023-05-20 13:28:04.559,
"650f19a0-c9d8-404f-94d4-499d1236f2a3",KABUPATEN PESAWARAN,"85952827-b8f7-4e5f-84e4-23e4dbb39095",2023-05-20 13:28:04.560,2023-05-20 13:28:04.560,
c4e3d5aa-45d7-4b4f-899d-298f9feb5779,KOTA JAKARTA TIMUR,"62af8b00-366b-4d16-819c-5e09f7680e98",2023-05-20 13:28:04.560,2023-05-20 13:28:04.560,
"3cf130cf-b5e4-4ec7-a7f5-1ff5c87fab92",KABUPATEN SUMEDANG,"78221296-6bc3-4db2-b256-8262f63292c8",2023-05-20 13:28:04.560,2023-05-20 13:28:04.560,
"61e84b03-373d-4e23-a7fb-c3f96291b039",KABUPATEN CILACAP,"7e5be2c1-0f4c-43a8-bbd6-a4a9578ad86f",2023-05-20 13:28:04.560,2023-05-20 13:28:04.560,
"4429166c-0234-494e-8db0-45a4f46ec358",KOTA BOGOR,"78221296-6bc3-4db2-b256-8262f63292c8",2023-05-20 13:28:04.560,2023-05-20 13:28:04.560,
a6d1d0d3-0527-426c-9fe0-34fe458fbd5a,KOTA SURAKARTA,"7e5be2c1-0f4c-43a8-bbd6-a4a9578ad86f",2023-05-20 13:28:04.560,2023-05-20 13:28:04.560,
d3e24528-05c1-46e3-84ea-4e4c4df4d14c,KABUPATEN PROBOLINGGO,"3fae611e-ec56-4648-95f6-23238d4495a9",2023-05-20 13:28:04.561,2023-05-20 13:28:04.561,
"03ad13e7-8594-4f1d-b424-dea78aaeb5f6",KABUPATEN SUMENEP,"3fae611e-ec56-4648-95f6-23238d4495a9",2023-05-20 13:28:04.561,2023-05-20 13:28:04.561,
f96d4a0a-356e-4117-8e05-cec3b0f7603f,KABUPATEN BADUNG,"62b0f3ca-8ce0-4a7f-9710-5cd52da19e35",2023-05-20 13:28:04.561,2023-05-20 13:28:04.561,
"81953ee2-95ff-47c4-9fac-d69cf99ce2ad",KABUPATEN LOMBOK BARAT,"36d3e1a6-e4b3-48c4-bb11-e5682bd648a2",2023-05-20 13:28:04.561,2023-05-20 13:28:04.561,
"4fefd176-5c41-4c57-93e4-c157b45bb147",KABUPATEN FLORES TIMUR,b5c65e64-ab03-4371-a13e-9baa4be2e694,2023-05-20 13:28:04.561,2023-05-20 13:28:04.561,
ba7e5899-ca87-486d-b4a5-06fcc2c4fc28,KABUPATEN SAMBAS,"05330eef-7b2a-4f18-968b-bc61e771288a",2023-05-20 13:28:04.562,2023-05-20 13:28:04.562,
"8d88b358-02a3-4de6-b44c-8fcc5308ee7a",KOTA PALANGKA RAYA,"2c5eafd4-8233-4007-abf2-8458740e88ed",2023-05-20 13:28:04.562,2023-05-20 13:28:04.562,
"968c4c34-ab36-467a-aa07-4547e1631f25",KABUPATEN BERAU,f02859b8-f14e-4bfc-aff5-1d382bf8895a,2023-05-20 13:28:04.562,2023-05-20 13:28:04.562,
"6be3186b-e927-4e47-85d4-fde718da94c8",KABUPATEN NUNUKAN,d1d5dc5f-f0de-43d2-ad06-9dbb6ae6953b,2023-05-20 13:28:04.563,2023-05-20 13:28:04.563,
"57893ac8-1777-4fe5-9af1-ac538a4c86ce",KABUPATEN SIGI,"70417f0f-bd0e-49df-b214-bf187224f39d",2023-05-20 13:28:04.563,2023-05-20 13:28:04.563,
"39b3d9c4-fb42-455e-ba91-c48a5962633b",KABUPATEN ENREKANG,"71304a13-6946-4adc-92d8-cb2e8c82681f",2023-05-20 13:28:04.564,2023-05-20 13:28:04.564,
c8425af3-192d-4ac6-a414-bd387f1e731d,KABUPATEN KONAWE UTARA,be6df817-af8d-4f1d-981c-9c3b6d912519,2023-05-20 13:28:04.565,2023-05-20 13:28:04.565,
"050df645-168d-4621-9064-1b15d4b8be4d",KOTA GORONTALO,"28662011-c388-4007-b8ea-4afbbc967893",2023-05-20 13:28:04.565,2023-05-20 13:28:04.565,
"5fcea355-7eb6-4d20-9eca-b60005aad6ff",KABUPATEN SERAM BAGIAN BARAT,"6154d5f7-d932-478b-81af-da77f8351e0e",2023-05-20 13:28:04.566,2023-05-20 13:28:04.566,
"23ae8abd-8081-433f-920b-8c828ce6f157",KABUPATEN TAMBRAUW,"09a3bc93-3e36-4988-ac10-8c8696300ab5",2023-05-20 13:28:04.567,2023-05-20 13:28:04.567,
"69dfe0fe-24d4-4752-9238-f3f86a207fc2",KABUPATEN SUPIORI,"6506b8a4-1001-46dc-b1d8-489c6dc06ab9",2023-05-20 13:28:04.567,2023-05-20 13:28:04.567,
"1fd44c52-ccec-4285-be1b-c00057964723",KABUPATEN YAHUKIMO,"6506b8a4-1001-46dc-b1d8-489c6dc06ab9",2023-05-20 13:28:04.568,2023-05-20 13:28:04.568,
"2a55a9cb-e1c2-49a9-95d7-5bb384346d92",KABUPATEN KUANTAN SINGINGI,"6bd34b4f-c8d3-4a54-8568-ac72c7a67acd",2023-05-20 13:28:04.559,2023-05-20 13:28:04.559,
"9f81cdb9-8237-428b-9bd2-c5c611c559df",KOTA D U M A I,"6bd34b4f-c8d3-4a54-8568-ac72c7a67acd",2023-05-20 13:28:04.559,2023-05-20 13:28:04.559,
f4c81d30-c3e6-4369-9e21-2d397cba76bc,KABUPATEN MUSI RAWAS,cde67e06-2219-4066-9a0a-ad41f2993519,2023-05-20 13:28:04.559,2023-05-20 13:28:04.559,
"0322e5a4-7766-44c1-8610-6c7becd77706",KOTA LUBUKLINGGAU,cde67e06-2219-4066-9a0a-ad41f2993519,2023-05-20 13:28:04.559,2023-05-20 13:28:04.559,
ef0adbbd-480e-49fc-a859-18a958947a9e,KABUPATEN LAMPUNG SELATAN,"85952827-b8f7-4e5f-84e4-23e4dbb39095",2023-05-20 13:28:04.560,2023-05-20 13:28:04.560,
"0d4bd895-3d27-48c0-b45a-d323aab7ec59",KABUPATEN BANGKA BARAT,d98d7b4f-becd-4289-8da9-0a6059a1dc0d,2023-05-20 13:28:04.560,2023-05-20 13:28:04.560,
"48131690-2ebd-4604-a269-cbe476fe427a",KABUPATEN BOGOR,"78221296-6bc3-4db2-b256-8262f63292c8",2023-05-20 13:28:04.560,2023-05-20 13:28:04.560,
"2952f661-ec58-4f95-ac08-fbda856d47b3",KABUPATEN BANDUNG BARAT,"78221296-6bc3-4db2-b256-8262f63292c8",2023-05-20 13:28:04.560,2023-05-20 13:28:04.560,
"473aafd4-5da3-4772-a4e2-febb7e902430",KABUPATEN MAGELANG,"7e5be2c1-0f4c-43a8-bbd6-a4a9578ad86f",2023-05-20 13:28:04.560,2023-05-20 13:28:04.560,
"553a1877-ffab-4908-bd74-3c90bdfe3a42",KABUPATEN KEPULAUAN SERIBU,"62af8b00-366b-4d16-819c-5e09f7680e98",2023-05-20 13:28:04.560,2023-05-20 13:28:04.560,
d58d25a7-d1d2-4c30-823a-b35529919e4c,KOTA YOGYAKARTA,a10e065c-91f5-4b58-bb9c-230ebb24d9f2,2023-05-20 13:28:04.560,2023-05-20 13:28:04.560,
da79bf68-75c3-4e28-8379-fe4fc9a18ddb,KABUPATEN MAGETAN,"3fae611e-ec56-4648-95f6-23238d4495a9",2023-05-20 13:28:04.561,2023-05-20 13:28:04.561,
"7b482a27-5382-4d6a-9e00-9f4d6955d707",KABUPATEN LEBAK,"1446117a-23d8-4dc2-8d12-aac769a7985f",2023-05-20 13:28:04.561,2023-05-20 13:28:04.561,
"7598f067-a33f-4265-ac4b-726b355652f7",KOTA TANGERANG,"1446117a-23d8-4dc2-8d12-aac769a7985f",2023-05-20 13:28:04.561,2023-05-20 13:28:04.561,
b662a748-2c0d-46e1-8005-a60fcc9e802b,KABUPATEN LEMBATA,b5c65e64-ab03-4371-a13e-9baa4be2e694,2023-05-20 13:28:04.561,2023-05-20 13:28:04.561,
"5b24ae1b-1b99-49c8-8a12-83cf5d50fc7f",KABUPATEN MEMPAWAH,"05330eef-7b2a-4f18-968b-bc61e771288a",2023-05-20 13:28:04.562,2023-05-20 13:28:04.562,
c7a9ee19-056b-461b-93ce-3699f6a643f3,KABUPATEN GUNUNG MAS,"2c5eafd4-8233-4007-abf2-8458740e88ed",2023-05-20 13:28:04.562,2023-05-20 13:28:04.562,
"038821cb-4bb4-4ca0-be28-4a9e8eb4afd7",KABUPATEN TANAH BUMBU,"99766d98-aaa6-4b05-81c5-7a14526cf841",2023-05-20 13:28:04.562,2023-05-20 13:28:04.562,
d36609b2-c4e8-423a-8175-3c0d492dca2a,KABUPATEN BULUNGAN,d1d5dc5f-f0de-43d2-ad06-9dbb6ae6953b,2023-05-20 13:28:04.563,2023-05-20 13:28:04.563,
cedef4fd-707e-4fd0-bc21-abec98e757aa,KABUPATEN MOROWALI,"70417f0f-bd0e-49df-b214-bf187224f39d",2023-05-20 13:28:04.563,2023-05-20 13:28:04.563,
"88bb89a1-565f-4047-906e-b7cb67f9e480",KABUPATEN BONE,"71304a13-6946-4adc-92d8-cb2e8c82681f",2023-05-20 13:28:04.563,2023-05-20 13:28:04.563,
c2cb5595-e60b-44a6-8f30-7feb6f1ebafe,KABUPATEN BARRU,"71304a13-6946-4adc-92d8-cb2e8c82681f",2023-05-20 13:28:04.564,2023-05-20 13:28:04.564,
"35d552b5-2da5-47f3-842f-81232fb83c20",KABUPATEN KONAWE KEPULAUAN,be6df817-af8d-4f1d-981c-9c3b6d912519,2023-05-20 13:28:04.565,2023-05-20 13:28:04.565,
"16fbd2f4-4a96-4782-a45b-6aa170be4d8b",KABUPATEN MALUKU BARAT DAYA,"6154d5f7-d932-478b-81af-da77f8351e0e",2023-05-20 13:28:04.565,2023-05-20 13:28:04.565,
"60a71cfb-8e8d-4888-a2c4-bc025b65fc4e",KABUPATEN KAIMANA,"09a3bc93-3e36-4988-ac10-8c8696300ab5",2023-05-20 13:28:04.566,2023-05-20 13:28:04.566,
"1f11cdd2-1d29-4620-abff-97f3a83e4fbd",KABUPATEN PEGUNUNGAN ARFAK,"09a3bc93-3e36-4988-ac10-8c8696300ab5",2023-05-20 13:28:04.567,2023-05-20 13:28:04.567,
"7abec12f-ea08-48c9-abd9-013f4d7f0b31",KABUPATEN YALIMO,"6506b8a4-1001-46dc-b1d8-489c6dc06ab9",2023-05-20 13:28:04.568,2023-05-20 13:28:04.568,
"7b49f697-45e9-4cab-a270-a997e935f6a6",KOTA BUKITTINGGI,b133750e-5b82-493d-82b2-f5b412aac172,2023-05-20 13:28:04.559,2023-05-20 13:28:04.559,
"4ff689d8-86fe-40e8-afc8-6c09167e9357",KABUPATEN BENGKALIS,"6bd34b4f-c8d3-4a54-8568-ac72c7a67acd",2023-05-20 13:28:04.559,2023-05-20 13:28:04.559,
"26986489-ec0a-4457-bc61-771410e4ad80",KOTA JAMBI,aa311732-dfc7-47c0-ad02-9b3a1690b2a3,2023-05-20 13:28:04.559,2023-05-20 13:28:04.559,
"8d675f15-6e0c-4b62-845e-bc0fe4562e6c",KABUPATEN TANGGAMUS,"85952827-b8f7-4e5f-84e4-23e4dbb39095",2023-05-20 13:28:04.560,2023-05-20 13:28:04.560,
fc573a6e-26c5-481e-aaaf-a782fa491aa8,KOTA B A T A M,b3a8deb6-d7d0-4d00-9b8d-e59cb874c73d,2023-05-20 13:28:04.560,2023-05-20 13:28:04.560,
"8ca9fa3c-eb55-4bdf-8660-5411327dfde0",KABUPATEN INDRAMAYU,"78221296-6bc3-4db2-b256-8262f63292c8",2023-05-20 13:28:04.560,2023-05-20 13:28:04.560,
"60edb8ad-c042-489c-ab2a-7c171b5e9fe8",KABUPATEN BANYUMAS,"7e5be2c1-0f4c-43a8-bbd6-a4a9578ad86f",2023-05-20 13:28:04.560,2023-05-20 13:28:04.560,
"85dde495-8fdf-4da2-8fd7-8349aa315ee2",KABUPATEN JEPARA,"7e5be2c1-0f4c-43a8-bbd6-a4a9578ad86f",2023-05-20 13:28:04.560,2023-05-20 13:28:04.560,
"33593f11-f197-44c2-a42d-87737e1a00ee",KOTA TEGAL,"7e5be2c1-0f4c-43a8-bbd6-a4a9578ad86f",2023-05-20 13:28:04.560,2023-05-20 13:28:04.560,
"8000a1c4-6163-4f2e-8142-93531b127d57",KABUPATEN SITUBONDO,"3fae611e-ec56-4648-95f6-23238d4495a9",2023-05-20 13:28:04.561,2023-05-20 13:28:04.561,
ac55a076-b1e6-4db9-98e7-ccc28ccedde0,KOTA KEDIRI,"3fae611e-ec56-4648-95f6-23238d4495a9",2023-05-20 13:28:04.561,2023-05-20 13:28:04.561,
"2b498aad-ace7-4a1d-8f92-d1399cea65e8",KABUPATEN JEMBRANA,"62b0f3ca-8ce0-4a7f-9710-5cd52da19e35",2023-05-20 13:28:04.561,2023-05-20 13:28:04.561,
dae32f8d-ed52-4b02-b1d6-83ba8c19a7fc,KABUPATEN BANGLI,"62b0f3ca-8ce0-4a7f-9710-5cd52da19e35",2023-05-20 13:28:04.561,2023-05-20 13:28:04.561,
"2fda28ec-e7ba-4e75-8b63-d452d0cd98ab",KABUPATEN SUMBA BARAT DAYA,b5c65e64-ab03-4371-a13e-9baa4be2e694,2023-05-20 13:28:04.561,2023-05-20 13:28:04.561,
"0ba3c8c9-e304-46b5-b94f-be9d3ac171f9",KOTA PONTIANAK,"05330eef-7b2a-4f18-968b-bc61e771288a",2023-05-20 13:28:04.562,2023-05-20 13:28:04.562,
"4e3af70b-a0c0-455c-ab6c-ca5cfeeab8e0",KABUPATEN MURUNG RAYA,"2c5eafd4-8233-4007-abf2-8458740e88ed",2023-05-20 13:28:04.562,2023-05-20 13:28:04.562,
"202d123b-5214-4634-b6b2-c540de67904f",KABUPATEN KUTAI TIMUR,f02859b8-f14e-4bfc-aff5-1d382bf8895a,2023-05-20 13:28:04.562,2023-05-20 13:28:04.562,
"88ea62f1-762f-4a53-9602-8f25345a9f05",KABUPATEN MINAHASA SELATAN,"1d6ad3f7-6814-44ed-8b53-9332c6619a56",2023-05-20 13:28:04.563,2023-05-20 13:28:04.563,
ae3d4aaf-9d2f-4c4b-95dc-131959ea7081,KABUPATEN PARIGI MOUTONG,"70417f0f-bd0e-49df-b214-bf187224f39d",2023-05-20 13:28:04.563,2023-05-20 13:28:04.563,
"0df9458a-298d-4249-8c38-8fc956aaf614",KABUPATEN LUWU UTARA,"71304a13-6946-4adc-92d8-cb2e8c82681f",2023-05-20 13:28:04.564,2023-05-20 13:28:04.564,
"50926974-7dcd-46ee-86e6-6a5073824122",KABUPATEN KOLAKA,be6df817-af8d-4f1d-981c-9c3b6d912519,2023-05-20 13:28:04.565,2023-05-20 13:28:04.565,
"346e1211-07c1-4c2d-a022-0e18e68b7f64",KABUPATEN GORONTALO,"28662011-c388-4007-b8ea-4afbbc967893",2023-05-20 13:28:04.565,2023-05-20 13:28:04.565,
e64bd110-d0f5-44d5-aa55-0f0bddef990f,KABUPATEN HALMAHERA TENGAH,"3655023f-8133-412f-9007-40c4aa1e3cdc",2023-05-20 13:28:04.566,2023-05-20 13:28:04.566,
aa95d1ae-6c97-46b2-9147-e5d8c7fe5185,KABUPATEN MANOKWARI,"09a3bc93-3e36-4988-ac10-8c8696300ab5",2023-05-20 13:28:04.566,2023-05-20 13:28:04.566,
"7d982efe-c48a-46c6-bcb3-79ffadf8265e",KABUPATEN KEEROM,"6506b8a4-1001-46dc-b1d8-489c6dc06ab9",2023-05-20 13:28:04.567,2023-05-20 13:28:04.567,
fe4b6d8a-d989-4af0-b58d-cd7ddd48ebf9,KABUPATEN PUNCAK,"6506b8a4-1001-46dc-b1d8-489c6dc06ab9",2023-05-20 13:28:04.568,2023-05-20 13:28:04.568,
f9b36b20-2b68-4e2e-8aef-b0df6c1fa8a6,KOTA SAWAH LUNTO,b133750e-5b82-493d-82b2-f5b412aac172,2023-05-20 13:28:04.558,2023-05-20 13:28:04.558,
c851a0e2-a082-49cd-85cd-c59c756388be,KABUPATEN BATANG HARI,aa311732-dfc7-47c0-ad02-9b3a1690b2a3,2023-05-20 13:28:04.559,2023-05-20 13:28:04.559,
"672ce2b9-8511-4f16-b7a3-45a14bf624e2",KABUPATEN BANYU ASIN,cde67e06-2219-4066-9a0a-ad41f2993519,2023-05-20 13:28:04.559,2023-05-20 13:28:04.559,
e16cedf2-13fb-450f-968e-7dcb9450ae20,KABUPATEN KAUR,"0b87e142-e732-44f3-a550-f9e07c635aea",2023-05-20 13:28:04.559,2023-05-20 13:28:04.559,
"4b6fadca-e4b0-4272-8230-07156bffbc4c",KABUPATEN SELUMA,"0b87e142-e732-44f3-a550-f9e07c635aea",2023-05-20 13:28:04.559,2023-05-20 13:28:04.559,
"41489fc9-d805-478d-84c7-1f6a52bdc55c",KABUPATEN BANGKA SELATAN,d98d7b4f-becd-4289-8da9-0a6059a1dc0d,2023-05-20 13:28:04.560,2023-05-20 13:28:04.560,
"64126721-cf4b-4add-b601-598b8dd532b7",KABUPATEN KEPULAUAN ANAMBAS,b3a8deb6-d7d0-4d00-9b8d-e59cb874c73d,2023-05-20 13:28:04.560,2023-05-20 13:28:04.560,
e0b7fc03-7f6b-4ba6-adff-a0d615c5176e,KOTA BEKASI,"78221296-6bc3-4db2-b256-8262f63292c8",2023-05-20 13:28:04.560,2023-05-20 13:28:04.560,
"1e91c527-8b30-4fe1-bdc5-e699130df4ad",KABUPATEN KLATEN,"7e5be2c1-0f4c-43a8-bbd6-a4a9578ad86f",2023-05-20 13:28:04.560,2023-05-20 13:28:04.560,
d21b19cb-a915-4574-9c79-e376837ff53b,KABUPATEN PEMALANG,"7e5be2c1-0f4c-43a8-bbd6-a4a9578ad86f",2023-05-20 13:28:04.560,2023-05-20 13:28:04.560,
"899b6367-39d7-478b-9389-13a8eb49aec5",KABUPATEN MALANG,"3fae611e-ec56-4648-95f6-23238d4495a9",2023-05-20 13:28:04.560,2023-05-20 13:28:04.560,
f8d4f362-9e44-469b-9396-ef4ae72e4a92,KABUPATEN GRESIK,"3fae611e-ec56-4648-95f6-23238d4495a9",2023-05-20 13:28:04.561,2023-05-20 13:28:04.561,
b7e1c6f3-8795-4a21-83d2-0edfa49b5b90,KABUPATEN TANGERANG,"1446117a-23d8-4dc2-8d12-aac769a7985f",2023-05-20 13:28:04.561,2023-05-20 13:28:04.561,
"2fb6a048-c806-49cd-b0d8-e5144d351bf8",KABUPATEN SUMBAWA BARAT,"36d3e1a6-e4b3-48c4-bb11-e5682bd648a2",2023-05-20 13:28:04.561,2023-05-20 13:28:04.561,
"73d690b5-b719-4cdd-802e-0c3d00fac85a",KABUPATEN ENDE,b5c65e64-ab03-4371-a13e-9baa4be2e694,2023-05-20 13:28:04.561,2023-05-20 13:28:04.561,
c1dac72d-49b2-45f6-9f3f-d0f100892327,KABUPATEN SANGGAU,"05330eef-7b2a-4f18-968b-bc61e771288a",2023-05-20 13:28:04.562,2023-05-20 13:28:04.562,
"62c0113a-9062-42ad-abfb-7e370a360092",KABUPATEN SERUYAN,"2c5eafd4-8233-4007-abf2-8458740e88ed",2023-05-20 13:28:04.562,2023-05-20 13:28:04.562,
"8a9b6536-3f8c-4e71-98c1-168f0ff933e9",KABUPATEN KOTA BARU,"99766d98-aaa6-4b05-81c5-7a14526cf841",2023-05-20 13:28:04.562,2023-05-20 13:28:04.562,
e694e77f-0704-41da-8faf-4ae1372e1250,KOTA TARAKAN,d1d5dc5f-f0de-43d2-ad06-9dbb6ae6953b,2023-05-20 13:28:04.563,2023-05-20 13:28:04.563,
"75dfcd5c-e763-4230-8525-e1733e63b1f4",KABUPATEN BANGGAI KEPULAUAN,"70417f0f-bd0e-49df-b214-bf187224f39d",2023-05-20 13:28:04.563,2023-05-20 13:28:04.563,
"887e805f-804f-40a9-8221-c311f5bf8e2a",KABUPATEN BULUKUMBA,"71304a13-6946-4adc-92d8-cb2e8c82681f",2023-05-20 13:28:04.563,2023-05-20 13:28:04.563,
"6ff3af4c-65eb-4add-adfd-aa3b033909b6",KOTA PALOPO,"71304a13-6946-4adc-92d8-cb2e8c82681f",2023-05-20 13:28:04.564,2023-05-20 13:28:04.564,
"8a0b6fd9-5f89-44e9-9be9-54f9e105b6bc",KABUPATEN BOALEMO,"28662011-c388-4007-b8ea-4afbbc967893",2023-05-20 13:28:04.565,2023-05-20 13:28:04.565,
"3a91b6af-4fe3-4e1e-991c-2ec21eb0d265",KABUPATEN KEPULAUAN ARU,"6154d5f7-d932-478b-81af-da77f8351e0e",2023-05-20 13:28:04.565,2023-05-20 13:28:04.565,
a7460500-b780-48f0-8e35-36f1a3c24ea2,KOTA TIDORE KEPULAUAN,"3655023f-8133-412f-9007-40c4aa1e3cdc",2023-05-20 13:28:04.566,2023-05-20 13:28:04.566,
d90f1c70-e426-41c1-bc18-aacd5fd001fa,KABUPATEN PANIAI,"6506b8a4-1001-46dc-b1d8-489c6dc06ab9",2023-05-20 13:28:04.567,2023-05-20 13:28:04.567,
"63b26a21-9618-4def-8e10-7c01e85476d8",KOTA JAYAPURA,"6506b8a4-1001-46dc-b1d8-489c6dc06ab9",2023-05-20 13:28:04.568,2023-05-20 13:28:04.568,
e4ccea4c-00a3-4c46-a3cd-6f306d42fd83,KOTA PADANG PANJANG,b133750e-5b82-493d-82b2-f5b412aac172,2023-05-20 13:28:04.559,2023-05-20 13:28:04.559,
"038cf93f-d3e2-49d2-b1f5-876f73e636b9",KOTA PEKANBARU,"6bd34b4f-c8d3-4a54-8568-ac72c7a67acd",2023-05-20 13:28:04.559,2023-05-20 13:28:04.559,
a2417552-b219-4c09-bdd5-ec165d856d5a,KABUPATEN TANJUNG JABUNG BARAT,aa311732-dfc7-47c0-ad02-9b3a1690b2a3,2023-05-20 13:28:04.559,2023-05-20 13:28:04.559,
"954b89cd-2ba7-4501-affc-b34f58bea13f",KABUPATEN MUKOMUKO,"0b87e142-e732-44f3-a550-f9e07c635aea",2023-05-20 13:28:04.559,2023-05-20 13:28:04.559,
"09c76753-9d5b-4971-b3c2-647d97e430f5",KABUPATEN LAMPUNG TENGAH,"85952827-b8f7-4e5f-84e4-23e4dbb39095",2023-05-20 13:28:04.560,2023-05-20 13:28:04.560,
"8a13af4c-088d-448d-b2d1-87d4ea535df9",KABUPATEN PESISIR BARAT,"85952827-b8f7-4e5f-84e4-23e4dbb39095",2023-05-20 13:28:04.560,2023-05-20 13:28:04.560,
"970401d6-3ea9-41b1-a631-4ea1ca19322d",KABUPATEN TASIKMALAYA,"78221296-6bc3-4db2-b256-8262f63292c8",2023-05-20 13:28:04.560,2023-05-20 13:28:04.560,
"03f787fc-5f14-4606-aa54-47138838770c",KABUPATEN BANDUNG,"78221296-6bc3-4db2-b256-8262f63292c8",2023-05-20 13:28:04.560,2023-05-20 13:28:04.560,
e7a0d5db-a9da-43ff-8154-8e73d4d10508,KABUPATEN KARANGANYAR,"7e5be2c1-0f4c-43a8-bbd6-a4a9578ad86f",2023-05-20 13:28:04.560,2023-05-20 13:28:04.560,
"20b1055f-b1bd-4891-ab19-016e0fced3cd",KOTA MAGELANG,"7e5be2c1-0f4c-43a8-bbd6-a4a9578ad86f",2023-05-20 13:28:04.560,2023-05-20 13:28:04.560,
"2b489eb6-ac02-4740-bf97-3412e28a969e",KABUPATEN BLITAR,"3fae611e-ec56-4648-95f6-23238d4495a9",2023-05-20 13:28:04.560,2023-05-20 13:28:04.560,
"73aac017-9da9-495c-bf2e-e9aa3ef271e6",KABUPATEN TUBAN,"3fae611e-ec56-4648-95f6-23238d4495a9",2023-05-20 13:28:04.561,2023-05-20 13:28:04.561,
"50c73212-1d97-4108-8085-45df6d9d2520",KOTA PASURUAN,"3fae611e-ec56-4648-95f6-23238d4495a9",2023-05-20 13:28:04.561,2023-05-20 13:28:04.561,
a27b2266-e5fa-4461-ae8f-f8353da6d691,KABUPATEN SIDOARJO,"3fae611e-ec56-4648-95f6-23238d4495a9",2023-05-20 13:28:04.561,2023-05-20 13:28:04.561,
eec5bd6e-14e4-4f98-b8f7-1740a87c2422,KABUPATEN KUPANG,b5c65e64-ab03-4371-a13e-9baa4be2e694,2023-05-20 13:28:04.561,2023-05-20 13:28:04.561,
"2d2c6c48-6164-4a74-a13b-597316565d10",KABUPATEN SEKADAU,"05330eef-7b2a-4f18-968b-bc61e771288a",2023-05-20 13:28:04.562,2023-05-20 13:28:04.562,
"4b11fb6d-8f4f-4175-9d48-f0fc003ed61e",KABUPATEN SUKAMARA,"2c5eafd4-8233-4007-abf2-8458740e88ed",2023-05-20 13:28:04.562,2023-05-20 13:28:04.562,
"9d55e5f9-070b-4fc1-b590-5c379b8f66da",KABUPATEN PASER,f02859b8-f14e-4bfc-aff5-1d382bf8895a,2023-05-20 13:28:04.562,2023-05-20 13:28:04.562,
"59f6c261-0573-4b8e-ad95-1e2fb19a96f7",KABUPATEN KEPULAUAN SANGIHE,"1d6ad3f7-6814-44ed-8b53-9332c6619a56",2023-05-20 13:28:04.563,2023-05-20 13:28:04.563,
"3465e7cc-55b6-4eb5-ada0-57b0f1850c82",KABUPATEN POSO,"70417f0f-bd0e-49df-b214-bf187224f39d",2023-05-20 13:28:04.563,2023-05-20 13:28:04.563,
"842961b1-c0db-4425-b763-9ee6f5ff2444",KABUPATEN WAJO,"71304a13-6946-4adc-92d8-cb2e8c82681f",2023-05-20 13:28:04.563,2023-05-20 13:28:04.563,
cc920c7b-116d-4d60-9453-8b76dea0139f,KABUPATEN BUTON,be6df817-af8d-4f1d-981c-9c3b6d912519,2023-05-20 13:28:04.564,2023-05-20 13:28:04.564,
"0c78ba82-4ffa-465c-93d3-3058822dcaf0",KOTA BAUBAU,be6df817-af8d-4f1d-981c-9c3b6d912519,2023-05-20 13:28:04.565,2023-05-20 13:28:04.565,
d9b17792-270a-446f-89c0-5a9a40257560,KABUPATEN SERAM BAGIAN TIMUR,"6154d5f7-d932-478b-81af-da77f8351e0e",2023-05-20 13:28:04.566,2023-05-20 13:28:04.566,
"1bba045b-e7ef-40db-a0a4-7fda602e9f26",KABUPATEN TELUK BINTUNI,"09a3bc93-3e36-4988-ac10-8c8696300ab5",2023-05-20 13:28:04.566,2023-05-20 13:28:04.566,
"1c358c58-a406-4544-a9e6-1532e0e5f0ce",KABUPATEN KEPULAUAN YAPEN,"6506b8a4-1001-46dc-b1d8-489c6dc06ab9",2023-05-20 13:28:04.567,2023-05-20 13:28:04.567,
"00311f69-f75b-4999-85ee-ef2befa53064",KABUPATEN JAYAPURA,"6506b8a4-1001-46dc-b1d8-489c6dc06ab9",2023-05-20 13:28:04.568,2023-05-20 13:28:04.568,
"53f8126b-6a04-49d1-b123-aeeba75464a1",KOTA SOLOK,b133750e-5b82-493d-82b2-f5b412aac172,2023-05-20 13:28:04.559,2023-05-20 13:28:04.559,
"7eeeb4f5-3c69-4ecd-8728-0955bb6fab8f",KABUPATEN HUMBANG HASUNDUTAN,d2ff9353-0620-41b8-a32f-0723879273b2,2023-05-20 13:28:04.558,2023-05-20 13:28:04.558,
eb89bc29-eeae-425b-a2dc-1c51e1a0cb9e,KOTA SUNGAI PENUH,aa311732-dfc7-47c0-ad02-9b3a1690b2a3,2023-05-20 13:28:04.559,2023-05-20 13:28:04.559,
"89be3078-f6c0-45bd-ada6-04c2f0caf1e4",KABUPATEN BENGKULU SELATAN,"0b87e142-e732-44f3-a550-f9e07c635aea",2023-05-20 13:28:04.559,2023-05-20 13:28:04.559,
"04f79ca5-aaf8-4504-926c-db5016156263",KABUPATEN LAMPUNG TIMUR,"85952827-b8f7-4e5f-84e4-23e4dbb39095",2023-05-20 13:28:04.560,2023-05-20 13:28:04.560,
b5201589-8050-4db5-962e-d9e111ed6924,KABUPATEN BANGKA TENGAH,d98d7b4f-becd-4289-8da9-0a6059a1dc0d,2023-05-20 13:28:04.560,2023-05-20 13:28:04.560,
"4787ee94-e4ba-4c70-9bbf-df39014a4124",KABUPATEN MUARO JAMBI,aa311732-dfc7-47c0-ad02-9b3a1690b2a3,2023-05-20 13:28:04.560,2023-05-20 13:28:04.560,
"8fc867d9-adf4-4249-b512-92fcdbe8a480",KOTA DEPOK,"78221296-6bc3-4db2-b256-8262f63292c8",2023-05-20 13:28:04.560,2023-05-20 13:28:04.560,
c4af128d-093e-4d1c-b847-a727dff0a40b,KABUPATEN WONOGIRI,"7e5be2c1-0f4c-43a8-bbd6-a4a9578ad86f",2023-05-20 13:28:04.560,2023-05-20 13:28:04.560,
"506667ae-5278-4462-8f13-06fded261ef9",KOTA SALATIGA,"7e5be2c1-0f4c-43a8-bbd6-a4a9578ad86f",2023-05-20 13:28:04.560,2023-05-20 13:28:04.560,
e1ccd92e-c8b4-4aed-9a30-dddb595194d9,KABUPATEN BANYUWANGI,"3fae611e-ec56-4648-95f6-23238d4495a9",2023-05-20 13:28:04.560,2023-05-20 13:28:04.560,
e7de5ad4-500a-494c-a8f6-41805ca461f4,KABUPATEN SAMPANG,"3fae611e-ec56-4648-95f6-23238d4495a9",2023-05-20 13:28:04.561,2023-05-20 13:28:04.561,
f147d821-2a5e-4d47-8845-6d72f9f92262,KOTA CILEGON,"1446117a-23d8-4dc2-8d12-aac769a7985f",2023-05-20 13:28:04.561,2023-05-20 13:28:04.561,
"7e645509-d69f-472e-887c-e0afaa52e4d7",KABUPATEN BIMA,"36d3e1a6-e4b3-48c4-bb11-e5682bd648a2",2023-05-20 13:28:04.561,2023-05-20 13:28:04.561,
a2c8a9fe-7fab-404d-8c72-1b8e78b636c9,KABUPATEN ALOR,b5c65e64-ab03-4371-a13e-9baa4be2e694,2023-05-20 13:28:04.561,2023-05-20 13:28:04.561,
a113af35-cc90-4d6e-b6b8-54869981febd,KABUPATEN SUMBA TENGAH,b5c65e64-ab03-4371-a13e-9baa4be2e694,2023-05-20 13:28:04.562,2023-05-20 13:28:04.562,
d362da14-e5c6-4d73-893e-6498d6e3cda0,KABUPATEN LAMANDAU,"2c5eafd4-8233-4007-abf2-8458740e88ed",2023-05-20 13:28:04.562,2023-05-20 13:28:04.562,
"0f40aa26-874a-499b-adb3-bcb9779e075b",KOTA BANJAR BARU,"99766d98-aaa6-4b05-81c5-7a14526cf841",2023-05-20 13:28:04.562,2023-05-20 13:28:04.562,
"3a3f7d85-9db8-42e1-ad15-48093900bc06",KABUPATEN KEPULAUAN TALAUD,"1d6ad3f7-6814-44ed-8b53-9332c6619a56",2023-05-20 13:28:04.563,2023-05-20 13:28:04.563,
bb916e2f-b5e9-43b5-bbc8-6adfdbd73753,KABUPATEN DONGGALA,"70417f0f-bd0e-49df-b214-bf187224f39d",2023-05-20 13:28:04.563,2023-05-20 13:28:04.563,
"9acba4cb-b30d-43ff-8f08-6692b2dab94d",KABUPATEN BANTAENG,"71304a13-6946-4adc-92d8-cb2e8c82681f",2023-05-20 13:28:04.563,2023-05-20 13:28:04.563,
c5cb793a-1b9b-40e4-9ffa-687f6497fc60,KABUPATEN MUNA,be6df817-af8d-4f1d-981c-9c3b6d912519,2023-05-20 13:28:04.564,2023-05-20 13:28:04.564,
"5a19f151-0da2-4553-a481-8b2d379b91f0",KABUPATEN GORONTALO UTARA,"28662011-c388-4007-b8ea-4afbbc967893",2023-05-20 13:28:04.565,2023-05-20 13:28:04.565,
eec3a589-39e8-4080-95c3-b35b3e7a362d,KOTA AMBON,"6154d5f7-d932-478b-81af-da77f8351e0e",2023-05-20 13:28:04.566,2023-05-20 13:28:04.566,
"966e13f4-4e48-4c07-8130-ebd40b82947e",KABUPATEN TELUK WONDAMA,"09a3bc93-3e36-4988-ac10-8c8696300ab5",2023-05-20 13:28:04.566,2023-05-20 13:28:04.566,
eddd9334-a7cf-468f-bc8f-620003716824,KABUPATEN MAYBRAT,"09a3bc93-3e36-4988-ac10-8c8696300ab5",2023-05-20 13:28:04.567,2023-05-20 13:28:04.567,
"8565e0e5-15df-49bf-a66a-8447321a2f17",KABUPATEN DEIYAI,"6506b8a4-1001-46dc-b1d8-489c6dc06ab9",2023-05-20 13:28:04.568,2023-05-20 13:28:04.568,
b460ef92-e444-40fd-b77c-4b6ad11a0730,KOTA PADANGSIDIMPUAN,d2ff9353-0620-41b8-a32f-0723879273b2,2023-05-20 13:28:04.558,2023-05-20 13:28:04.558,
"81baf746-e79b-4a3d-a4f3-f88acf3d9390",KABUPATEN TANJUNG JABUNG TIMUR,aa311732-dfc7-47c0-ad02-9b3a1690b2a3,2023-05-20 13:28:04.559,2023-05-20 13:28:04.559,
"61363ce5-e1a2-4ff0-bd2e-4172a214a0b6",KABUPATEN EMPAT LAWANG,cde67e06-2219-4066-9a0a-ad41f2993519,2023-05-20 13:28:04.559,2023-05-20 13:28:04.559,
"3b359346-6611-4d3f-9940-cec4750a3eb5",KABUPATEN WAY KANAN,"85952827-b8f7-4e5f-84e4-23e4dbb39095",2023-05-20 13:28:04.560,2023-05-20 13:28:04.560,
"7107ebc1-421c-46be-8e8e-9efbfb74d817",KABUPATEN NATUNA,b3a8deb6-d7d0-4d00-9b8d-e59cb874c73d,2023-05-20 13:28:04.560,2023-05-20 13:28:04.560,
"7a55c083-8a66-406f-920d-5b54fda86ab2",KABUPATEN GARUT,"78221296-6bc3-4db2-b256-8262f63292c8",2023-05-20 13:28:04.560,2023-05-20 13:28:04.560,
"797f9287-e977-461e-a52b-1c96ff42a100",KOTA SUKABUMI,"78221296-6bc3-4db2-b256-8262f63292c8",2023-05-20 13:28:04.560,2023-05-20 13:28:04.560,
a4a1a647-8ed2-4c0a-b405-dbcd545f23fb,KABUPATEN BOYOLALI,"7e5be2c1-0f4c-43a8-bbd6-a4a9578ad86f",2023-05-20 13:28:04.560,2023-05-20 13:28:04.560,
ca7fe858-d437-4ba8-9189-73c15c1d44f9,KABUPATEN TEMANGGUNG,"7e5be2c1-0f4c-43a8-bbd6-a4a9578ad86f",2023-05-20 13:28:04.560,2023-05-20 13:28:04.560,
a28c5f98-1d50-4289-93dc-ac5699242ba3,KABUPATEN GUNUNG KIDUL,a10e065c-91f5-4b58-bb9c-230ebb24d9f2,2023-05-20 13:28:04.560,2023-05-20 13:28:04.560,
"231d9633-032d-4c00-9b4f-7596de2ac9f6",KABUPATEN JOMBANG,"3fae611e-ec56-4648-95f6-23238d4495a9",2023-05-20 13:28:04.561,2023-05-20 13:28:04.561,
"0f2fe494-6514-4fb8-acd4-467a5e1c280c",KABUPATEN PAMEKASAN,"3fae611e-ec56-4648-95f6-23238d4495a9",2023-05-20 13:28:04.561,2023-05-20 13:28:04.561,
"62592d94-36d2-4e89-8577-53e1ddf7c1fc",KABUPATEN TABANAN,"62b0f3ca-8ce0-4a7f-9710-5cd52da19e35",2023-05-20 13:28:04.561,2023-05-20 13:28:04.561,
"7c6d593e-fedf-4460-baf9-54b85a04a575",KOTA BIMA,"36d3e1a6-e4b3-48c4-bb11-e5682bd648a2",2023-05-20 13:28:04.561,2023-05-20 13:28:04.561,
da0f7ad7-8278-42c6-b1a2-70d38e00693b,KABUPATEN ROTE NDAO,b5c65e64-ab03-4371-a13e-9baa4be2e694,2023-05-20 13:28:04.561,2023-05-20 13:28:04.561,
"899bd0e6-407a-4938-8041-5cbb61b637b6",KABUPATEN KUBU RAYA,"05330eef-7b2a-4f18-968b-bc61e771288a",2023-05-20 13:28:04.562,2023-05-20 13:28:04.562,
"42f2618e-33dd-4c09-8a9d-2617082bfa1d",KABUPATEN KOTAWARINGIN BARAT,"2c5eafd4-8233-4007-abf2-8458740e88ed",2023-05-20 13:28:04.562,2023-05-20 13:28:04.562,
"5856135e-61ee-49a7-a5f9-f5dec7566af5",KOTA BANJARMASIN,"99766d98-aaa6-4b05-81c5-7a14526cf841",2023-05-20 13:28:04.562,2023-05-20 13:28:04.562,
eb3f0a31-b5f3-4ddf-b229-d2bd8b63157b,KABUPATEN TANA TIDUNG,d1d5dc5f-f0de-43d2-ad06-9dbb6ae6953b,2023-05-20 13:28:04.563,2023-05-20 13:28:04.563,
"4507ef41-564e-4e61-ae95-ba8ca296b9e4",KABUPATEN MINAHASA UTARA,"1d6ad3f7-6814-44ed-8b53-9332c6619a56",2023-05-20 13:28:04.563,2023-05-20 13:28:04.563,
"92fa8c7a-2e31-4da3-a8e6-8cbb9c135572",KABUPATEN SINJAI,"71304a13-6946-4adc-92d8-cb2e8c82681f",2023-05-20 13:28:04.563,2023-05-20 13:28:04.563,
"8d97a8be-d092-4a7a-b973-3dafe83470a4",KABUPATEN SOPPENG,"71304a13-6946-4adc-92d8-cb2e8c82681f",2023-05-20 13:28:04.564,2023-05-20 13:28:04.564,
e86ea330-55fb-45f8-b7bb-e2cbad986d68,KABUPATEN MUNA BARAT,be6df817-af8d-4f1d-981c-9c3b6d912519,2023-05-20 13:28:04.565,2023-05-20 13:28:04.565,
b245c69b-1ed1-4c96-bc0f-f9c82793e870,KABUPATEN MAMUJU,"23426b79-3b71-4633-bea0-a8ae70044d90",2023-05-20 13:28:04.565,2023-05-20 13:28:04.565,
"7f3d9bce-8043-45b2-9b03-bbf4721d6789",KABUPATEN HALMAHERA UTARA,"3655023f-8133-412f-9007-40c4aa1e3cdc",2023-05-20 13:28:04.566,2023-05-20 13:28:04.566,
"22db8954-a340-40d7-8be4-0884748efb6a",KABUPATEN MERAUKE,"6506b8a4-1001-46dc-b1d8-489c6dc06ab9",2023-05-20 13:28:04.567,2023-05-20 13:28:04.567,
a1343d5d-279f-437f-be9e-a4592609712c,KABUPATEN NDUGA,"6506b8a4-1001-46dc-b1d8-489c6dc06ab9",2023-05-20 13:28:04.567,2023-05-20 13:28:04.567,
"1dae5fc1-1a4e-4e74-8494-10811aa2967f",KOTA PARIAMAN,b133750e-5b82-493d-82b2-f5b412aac172,2023-05-20 13:28:04.559,2023-05-20 13:28:04.559,
"9636d516-bf1e-4472-b365-add85c141931",KABUPATEN KAMPAR,"6bd34b4f-c8d3-4a54-8568-ac72c7a67acd",2023-05-20 13:28:04.559,2023-05-20 13:28:04.559,
c1d2f1f9-1ee9-4141-adbe-557b2c2e6281,KABUPATEN OGAN ILIR,cde67e06-2219-4066-9a0a-ad41f2993519,2023-05-20 13:28:04.559,2023-05-20 13:28:04.559,
"894d7112-9755-4b30-9100-44b4a505684c",KABUPATEN TULANG BAWANG BARAT,"85952827-b8f7-4e5f-84e4-23e4dbb39095",2023-05-20 13:28:04.560,2023-05-20 13:28:04.560,
"19971be1-0ae4-4fd7-9b7e-036e9ef8e2a5",KOTA JAKARTA SELATAN,"62af8b00-366b-4d16-819c-5e09f7680e98",2023-05-20 13:28:04.560,2023-05-20 13:28:04.560,
c17c3637-d550-4ceb-ac1c-a3457eccd74b,KABUPATEN PURWAKARTA,"78221296-6bc3-4db2-b256-8262f63292c8",2023-05-20 13:28:04.560,2023-05-20 13:28:04.560,
"5f680801-7af6-4ce1-b117-5497b92b23a4",KOTA BANJAR,"78221296-6bc3-4db2-b256-8262f63292c8",2023-05-20 13:28:04.560,2023-05-20 13:28:04.560,
bdd72a95-89d0-40e5-8caf-db587f801e39,KABUPATEN SRAGEN,"7e5be2c1-0f4c-43a8-bbd6-a4a9578ad86f",2023-05-20 13:28:04.560,2023-05-20 13:28:04.560,
d8bd9c35-a070-4665-928e-cada52e41502,KABUPATEN PEKALONGAN,"7e5be2c1-0f4c-43a8-bbd6-a4a9578ad86f",2023-05-20 13:28:04.560,2023-05-20 13:28:04.560,
"031f7ab0-0b11-438a-a29e-a7b343814965",KABUPATEN KULON PROGO,a10e065c-91f5-4b58-bb9c-230ebb24d9f2,2023-05-20 13:28:04.560,2023-05-20 13:28:04.560,
f59d6835-75c3-45dd-adc0-5a0cfe1f5dd7,KABUPATEN MADIUN,"3fae611e-ec56-4648-95f6-23238d4495a9",2023-05-20 13:28:04.561,2023-05-20 13:28:04.561,
"930e5e2c-ecf8-4d29-9ee1-472b3a6b16fd",KABUPATEN PANDEGLANG,"1446117a-23d8-4dc2-8d12-aac769a7985f",2023-05-20 13:28:04.561,2023-05-20 13:28:04.561,
d46ae594-8414-4a77-899a-12fef6918110,KABUPATEN LOMBOK TENGAH,"36d3e1a6-e4b3-48c4-bb11-e5682bd648a2",2023-05-20 13:28:04.561,2023-05-20 13:28:04.561,
"03bb0f0a-acdf-422d-8a78-210ba994d6fe",KABUPATEN BELU,b5c65e64-ab03-4371-a13e-9baa4be2e694,2023-05-20 13:28:04.561,2023-05-20 13:28:04.561,
"6e8c9916-e750-4874-9474-b55dc3586200",KABUPATEN MANGGARAI TIMUR,b5c65e64-ab03-4371-a13e-9baa4be2e694,2023-05-20 13:28:04.561,2023-05-20 13:28:04.561,
"2f9d4c2c-17f8-4678-badd-c882b03a13fc",KABUPATEN KAPUAS,"2c5eafd4-8233-4007-abf2-8458740e88ed",2023-05-20 13:28:04.562,2023-05-20 13:28:04.562,
"1468a838-0976-4247-a3ef-f453b132279e",KABUPATEN TANAH LAUT,"99766d98-aaa6-4b05-81c5-7a14526cf841",2023-05-20 13:28:04.562,2023-05-20 13:28:04.562,
"6dd77998-5b36-4f26-b0eb-8b7dbc207463",KABUPATEN BALANGAN,"99766d98-aaa6-4b05-81c5-7a14526cf841",2023-05-20 13:28:04.562,2023-05-20 13:28:04.562,
"486f48ea-ada5-4990-b867-9b49155fab06",KABUPATEN MINAHASA TENGGARA,"1d6ad3f7-6814-44ed-8b53-9332c6619a56",2023-05-20 13:28:04.563,2023-05-20 13:28:04.563,
bf79bc0f-c508-4e32-8616-824e050a03e8,KABUPATEN BANGGAI,"70417f0f-bd0e-49df-b214-bf187224f39d",2023-05-20 13:28:04.563,2023-05-20 13:28:04.563,
cdf16457-c194-4540-9edc-153cbc112f15,KABUPATEN MOROWALI UTARA,"70417f0f-bd0e-49df-b214-bf187224f39d",2023-05-20 13:28:04.563,2023-05-20 13:28:04.563,
"47f3c7dc-4b5c-4cf6-b6f9-9015994a828e",KABUPATEN PINRANG,"71304a13-6946-4adc-92d8-cb2e8c82681f",2023-05-20 13:28:04.564,2023-05-20 13:28:04.564,
"8217bb3a-ef0c-44fc-970d-90d63bd4a469",KABUPATEN KOLAKA TIMUR,be6df817-af8d-4f1d-981c-9c3b6d912519,2023-05-20 13:28:04.565,2023-05-20 13:28:04.565,
"887e1732-2ce0-4ed5-b204-7ff665da5a7e",KABUPATEN MALUKU TENGGARA BARAT,"6154d5f7-d932-478b-81af-da77f8351e0e",2023-05-20 13:28:04.565,2023-05-20 13:28:04.565,
"40eee887-5b27-46c2-a187-27270457d587",KABUPATEN PULAU TALIABU,"3655023f-8133-412f-9007-40c4aa1e3cdc",2023-05-20 13:28:04.566,2023-05-20 13:28:04.566,
"968359f2-d3af-4ffd-936a-2a6d1bb38f22",KABUPATEN JAYAWIJAYA,"6506b8a4-1001-46dc-b1d8-489c6dc06ab9",2023-05-20 13:28:04.567,2023-05-20 13:28:04.567,
d00cba4a-7248-4169-be61-19fb96501623,KABUPATEN INTAN JAYA,"6506b8a4-1001-46dc-b1d8-489c6dc06ab9",2023-05-20 13:28:04.568,2023-05-20 13:28:04.568,
a9042908-43c2-41a7-b646-7f212464d436,KABUPATEN INDRAGIRI HULU,"6bd34b4f-c8d3-4a54-8568-ac72c7a67acd",2023-05-20 13:28:04.559,2023-05-20 13:28:04.559,
"0388cdcd-782b-4745-938f-301d871133b5",KABUPATEN SAROLANGUN,aa311732-dfc7-47c0-ad02-9b3a1690b2a3,2023-05-20 13:28:04.559,2023-05-20 13:28:04.559,
eaff01e4-3e27-4a2b-92d8-c550d01c3ac0,KABUPATEN PENUKAL ABAB LEMATANG ILIR,cde67e06-2219-4066-9a0a-ad41f2993519,2023-05-20 13:28:04.559,2023-05-20 13:28:04.559,
"43acf920-2cb2-47c4-97b0-ffe892f2f5e6",KABUPATEN TULANGBAWANG,"85952827-b8f7-4e5f-84e4-23e4dbb39095",2023-05-20 13:28:04.560,2023-05-20 13:28:04.560,
b163f071-66f0-4113-9949-20a4de3f4811,KABUPATEN LINGGA,b3a8deb6-d7d0-4d00-9b8d-e59cb874c73d,2023-05-20 13:28:04.560,2023-05-20 13:28:04.560,
"79c5d257-7052-4f3f-a2ab-b221b62f07cd",KABUPATEN CIAMIS,"78221296-6bc3-4db2-b256-8262f63292c8",2023-05-20 13:28:04.560,2023-05-20 13:28:04.560,
"17d98e84-8b02-4ab3-ba2f-0d0a19392efd",KOTA BANDUNG,"78221296-6bc3-4db2-b256-8262f63292c8",2023-05-20 13:28:04.560,2023-05-20 13:28:04.560,
"1ea1333f-23ba-493e-b02b-493089406672",KABUPATEN PURWOREJO,"7e5be2c1-0f4c-43a8-bbd6-a4a9578ad86f",2023-05-20 13:28:04.560,2023-05-20 13:28:04.560,
"2eb28f8e-1fa9-422c-96fb-bd08ff3768c7",KABUPATEN KUDUS,"7e5be2c1-0f4c-43a8-bbd6-a4a9578ad86f",2023-05-20 13:28:04.560,2023-05-20 13:28:04.560,
"357e9640-b4f7-4922-bc41-bf52866abebb",KABUPATEN PONOROGO,"3fae611e-ec56-4648-95f6-23238d4495a9",2023-05-20 13:28:04.560,2023-05-20 13:28:04.560,
"49ba711b-56ca-4eb4-99ef-0241852ef903",KABUPATEN NGAWI,"3fae611e-ec56-4648-95f6-23238d4495a9",2023-05-20 13:28:04.561,2023-05-20 13:28:04.561,
"2bd0348d-cd24-4f42-9ca3-d6b7b53631f9",KOTA SURABAYA,"3fae611e-ec56-4648-95f6-23238d4495a9",2023-05-20 13:28:04.561,2023-05-20 13:28:04.561,
fa261a05-ebcf-4883-8399-59e8fba9cec7,KABUPATEN SUMBAWA,"36d3e1a6-e4b3-48c4-bb11-e5682bd648a2",2023-05-20 13:28:04.561,2023-05-20 13:28:04.561,
caea793d-6bd0-44ca-a7e4-56622b24f465,KABUPATEN TIMOR TENGAH SELATAN,b5c65e64-ab03-4371-a13e-9baa4be2e694,2023-05-20 13:28:04.561,2023-05-20 13:28:04.561,
"9c2db9d4-f55a-4b42-afbb-a6a0e802734b",KABUPATEN NAGEKEO,b5c65e64-ab03-4371-a13e-9baa4be2e694,2023-05-20 13:28:04.561,2023-05-20 13:28:04.561,
"19a4f61c-3197-45a0-9df5-87cfec7b464e",KABUPATEN BARITO SELATAN,"2c5eafd4-8233-4007-abf2-8458740e88ed",2023-05-20 13:28:04.562,2023-05-20 13:28:04.562,
"19960e1e-ad1b-490e-bc87-f3e990ca6be7",KABUPATEN HULU SUNGAI SELATAN,"99766d98-aaa6-4b05-81c5-7a14526cf841",2023-05-20 13:28:04.562,2023-05-20 13:28:04.562,
"606d9d41-3e6f-48dc-b7dd-8b88037a5b63",KOTA SAMARINDA,f02859b8-f14e-4bfc-aff5-1d382bf8895a,2023-05-20 13:28:04.562,2023-05-20 13:28:04.562,
"1ed67756-44f0-40cc-9ac2-7d32c7e1d9dd",KABUPATEN SIAU TAGULANDANG BIARO,"1d6ad3f7-6814-44ed-8b53-9332c6619a56",2023-05-20 13:28:04.563,2023-05-20 13:28:04.563,
"7950f3f8-6de1-4c53-9554-475e3e079b33",KABUPATEN BANGGAI LAUT,"70417f0f-bd0e-49df-b214-bf187224f39d",2023-05-20 13:28:04.563,2023-05-20 13:28:04.563,
"00e9f6e7-9f94-48e4-8104-891e74cee99f",KABUPATEN TANA TORAJA,"71304a13-6946-4adc-92d8-cb2e8c82681f",2023-05-20 13:28:04.564,2023-05-20 13:28:04.564,
b8c85bda-440f-49c1-b6b8-82f52fea3bdf,KABUPATEN BOMBANA,be6df817-af8d-4f1d-981c-9c3b6d912519,2023-05-20 13:28:04.565,2023-05-20 13:28:04.565,
"20c1b395-1112-4022-bdb9-03d332e3f924",KABUPATEN MAMASA,"23426b79-3b71-4633-bea0-a8ae70044d90",2023-05-20 13:28:04.565,2023-05-20 13:28:04.565,
"84360a2b-4ccf-4332-9a38-874b36304e67",KABUPATEN HALMAHERA SELATAN,"3655023f-8133-412f-9007-40c4aa1e3cdc",2023-05-20 13:28:04.566,2023-05-20 13:28:04.566,
"62e3c496-4e6c-4a1d-8fa5-17a7e0801449",KOTA SORONG,"09a3bc93-3e36-4988-ac10-8c8696300ab5",2023-05-20 13:28:04.567,2023-05-20 13:28:04.567,
ad06db92-0349-4c26-9878-adc9d84c5d08,KABUPATEN MAMBERAMO RAYA,"6506b8a4-1001-46dc-b1d8-489c6dc06ab9",2023-05-20 13:28:04.567,2023-05-20 13:28:04.567,
aaf1d2b0-5b61-4764-8f3d-ebd5c9819066,KABUPATEN WAROPEN,"6506b8a4-1001-46dc-b1d8-489c6dc06ab9",2023-05-20 13:28:04.568,2023-05-20 13:28:04.568,
e90fd8a6-270a-4c3a-b026-0d90ececbe93,KABUPATEN LIMA PULUH KOTA,b133750e-5b82-493d-82b2-f5b412aac172,2023-05-20 13:28:04.558,2023-05-20 13:28:04.558,
"09110a9a-bd96-4bd9-99ec-2a5f8441c083",KABUPATEN INDRAGIRI HILIR,"6bd34b4f-c8d3-4a54-8568-ac72c7a67acd",2023-05-20 13:28:04.559,2023-05-20 13:28:04.559,
b41a4395-db15-4f35-9228-1fd20f25322e,KABUPATEN OGAN KOMERING ULU SELATAN,cde67e06-2219-4066-9a0a-ad41f2993519,2023-05-20 13:28:04.559,2023-05-20 13:28:04.559,
"5fe0cd4a-d5eb-4981-80dd-d2d827c1d2e3",KABUPATEN BELITUNG,d98d7b4f-becd-4289-8da9-0a6059a1dc0d,2023-05-20 13:28:04.560,2023-05-20 13:28:04.560,
"17a24ce5-16a3-412a-9c4a-41812bc878f9",KOTA JAKARTA BARAT,"62af8b00-366b-4d16-819c-5e09f7680e98",2023-05-20 13:28:04.560,2023-05-20 13:28:04.560,
"6ef3179f-2e98-454b-8057-78faf8220a81",KABUPATEN KARAWANG,"78221296-6bc3-4db2-b256-8262f63292c8",2023-05-20 13:28:04.560,2023-05-20 13:28:04.560,
"464adc86-0f25-4932-8554-8f3418674295",KOTA TASIKMALAYA,"78221296-6bc3-4db2-b256-8262f63292c8",2023-05-20 13:28:04.560,2023-05-20 13:28:04.560,
ffff7fd1-3d75-483c-81d6-b87042bd1dc8,KABUPATEN DEMAK,"7e5be2c1-0f4c-43a8-bbd6-a4a9578ad86f",2023-05-20 13:28:04.560,2023-05-20 13:28:04.560,
b1113910-a394-4119-ad8f-37567be55964,KABUPATEN BANTUL,a10e065c-91f5-4b58-bb9c-230ebb24d9f2,2023-05-20 13:28:04.560,2023-05-20 13:28:04.560,
"2faef48f-1ba6-41fd-b7a4-dfe4120377fd",KABUPATEN JEMBER,"3fae611e-ec56-4648-95f6-23238d4495a9",2023-05-20 13:28:04.561,2023-05-20 13:28:04.561,
"213a8335-87d9-42f1-bb55-630f9f2afbd4",KOTA MADIUN,"3fae611e-ec56-4648-95f6-23238d4495a9",2023-05-20 13:28:04.561,2023-05-20 13:28:04.561,
a22c29d7-95e5-46c3-9b7a-60986458531f,KOTA MOJOKERTO,"3fae611e-ec56-4648-95f6-23238d4495a9",2023-05-20 13:28:04.561,2023-05-20 13:28:04.561,
"28db4e3d-53ae-46cf-aa9d-fbc67bf0c363",KOTA DENPASAR,"62b0f3ca-8ce0-4a7f-9710-5cd52da19e35",2023-05-20 13:28:04.561,2023-05-20 13:28:04.561,
aae06b4b-4d8e-4dae-b910-0d6186505e88,KABUPATEN MALAKA,b5c65e64-ab03-4371-a13e-9baa4be2e694,2023-05-20 13:28:04.561,2023-05-20 13:28:04.561,
"2c291f2b-afdd-40c5-af9d-a48d79b5ed16",KABUPATEN KOTAWARINGIN TIMUR,"2c5eafd4-8233-4007-abf2-8458740e88ed",2023-05-20 13:28:04.562,2023-05-20 13:28:04.562,
c8756d4d-415b-4281-a8c9-b8aac428b40c,KABUPATEN BANJAR,"99766d98-aaa6-4b05-81c5-7a14526cf841",2023-05-20 13:28:04.562,2023-05-20 13:28:04.562,
d45a4fcc-1a55-4f91-958f-dac0850996b2,KABUPATEN MAHAKAM HULU,f02859b8-f14e-4bfc-aff5-1d382bf8895a,2023-05-20 13:28:04.562,2023-05-20 13:28:04.562,
"7101a5dd-6170-42a4-b558-6614cecb8d3e",KOTA MANADO,"1d6ad3f7-6814-44ed-8b53-9332c6619a56",2023-05-20 13:28:04.563,2023-05-20 13:28:04.563,
"9cac77b8-7e99-4c83-8c68-afa6fc26f48f",KABUPATEN KEPULAUAN SELAYAR,"71304a13-6946-4adc-92d8-cb2e8c82681f",2023-05-20 13:28:04.563,2023-05-20 13:28:04.563,
"95892363-e36a-4865-beb7-6d023e4a909d",KABUPATEN LUWU TIMUR,"71304a13-6946-4adc-92d8-cb2e8c82681f",2023-05-20 13:28:04.564,2023-05-20 13:28:04.564,
da01082e-ba08-4400-9b1b-f6cbfe07ef50,KABUPATEN WAKATOBI,be6df817-af8d-4f1d-981c-9c3b6d912519,2023-05-20 13:28:04.565,2023-05-20 13:28:04.565,
ec14f4f2-f90e-4f05-b591-5ade5aba5c69,KABUPATEN BONE BOLANGO,"28662011-c388-4007-b8ea-4afbbc967893",2023-05-20 13:28:04.565,2023-05-20 13:28:04.565,
d7ccd9af-2d9a-4c97-af42-1ae2c15bdff7,KABUPATEN BURU SELATAN,"6154d5f7-d932-478b-81af-da77f8351e0e",2023-05-20 13:28:04.566,2023-05-20 13:28:04.566,
"95633736-0c70-4cdb-990c-608365e2d620",KABUPATEN RAJA AMPAT,"09a3bc93-3e36-4988-ac10-8c8696300ab5",2023-05-20 13:28:04.567,2023-05-20 13:28:04.567,
dd2ec3d3-28e4-4878-99b4-8d0c0a884d38,KABUPATEN MAPPI,"6506b8a4-1001-46dc-b1d8-489c6dc06ab9",2023-05-20 13:28:04.567,2023-05-20 13:28:04.567,
